{
  "description": "项目配置文件，详见文档：https://developers.weixin.qq.com/miniprogram/dev/devtools/projectconfig.html",
  "packOptions": {
    "ignore": [],
    "include": []
  },
  "setting": {
    "urlCheck": false,
    "es6": true,
    "enhance": false,
    "postcss": true,
    "preloadBackgroundData": false,
    "minified": true,
    "newFeature": true,
    "coverView": true,
    "nodeModules": false,
    "autoAudits": false,
    "showShadowRootInWxmlPanel": true,
    "scopeDataCheck": false,
    "uglifyFileName": false,
    "checkInvalidKey": true,
    "checkSiteMap": true,
    "uploadWithSourceMap": true,
    "compileHotReLoad": false,
    "useMultiFrameRuntime": true,
    "useApiHook": true,
    "useApiHostProcess": true,
    "babelSetting": {
      "ignore": [],
      "disablePlugins": [],
      "outputPath": ""
    },
    "enableEngineNative": false,
    "bundle": false,
    "useIsolateContext": true,
    "useCompilerModule": true,
    "userConfirmedUseCompilerModuleSwitch": false,
    "userConfirmedBundleSwitch": false,
    "packNpmManually": false,
    "packNpmRelationList": [],
    "minifyWXSS": true,
    "condition": false,
    "lazyloadPlaceholderEnable": false,
    "useStaticServer": true,
    "showES6CompileOption": false,
    "disableUseStrict": false,
    "useCompilerPlugins": false,
    "minifyWXML": true
  },
  "compileType": "miniprogram",
  "libVersion": "2.10.3",
  "appid": "wx002ba697d6683392",
  "projectname": "libraryseat",
  "simulatorType": "wechat",
  "simulatorPluginLibVersion": {},
  "condition": {
    "miniprogram": {
      "list": [
        {
          "name": "pages/bookshelf/bookshelf",
          "pathName": "pages/bookshelf/bookshelf",
          "query": "",
          "scene": null
        },
        {
          "name": "pages/tests/tests",
          "pathName": "pages/tests/tests",
          "query": "",
          "scene": null
        },
        {
          "name": "pages/login/login",
          "pathName": "pagestest1/test1",
          "query": "",
          "scene": null
        },
        {
          "name": "pagestest1/test1",
          "pathName": "pages/test1/test1",
          "query": "",
          "scene": null
        },
        {
          "name": "pages/readbook/readbooksearch/readbooksearch",
          "pathName": "pages/readbook/readbooksearch/readbooksearch",
          "query": "",
          "scene": null
        },
        {
          "name": "pages/audiobook/cates/cates",
          "pathName": "pages/audiobook/cates/cates",
          "query": "",
          "scene": null
        },
        {
          "name": "pages/test/test",
          "pathName": "pages/test/test",
          "query": "",
          "scene": null
        },
        {
          "name": "pages/bookusercenter/bookusercenter",
          "pathName": "pages/bookusercenter/bookusercenter",
          "query": "",
          "scene": null
        },
        {
          "name": "pages/bookshelf/bookshelf",
          "pathName": "pages/bookshelf/bookshelf",
          "query": "",
          "scene": null
        },
        {
          "name": "4",
          "pathName": "pages/main/main",
          "query": "",
          "scene": null
        },
        {
          "name": "pages/seatadmin/seatadmin",
          "pathName": "pages/seatadmin/seatadmin",
          "query": "",
          "scene": null
        }
      ]
    }
  },
  "editorSetting": {
    "tabIndent": "insertSpaces",
    "tabSize": 2
  }
}