<?xml version="1.0" encoding="UTF-8"?>
<!DOCTYPE mapper PUBLIC "-//mybatis.org//DTD Mapper 3.0//EN" "http://mybatis.org/dtd/mybatis-3-mapper.dtd">
<mapper namespace="edu.xja.digitallibrary.dao.AudioUrlMapper">
  <resultMap id="BaseResultMap" type="edu.xja.digitallibrary.pojo.AudioUrl">
    <!--@mbg.generated generated on Wed Apr 01 11:55:41 CST 2020.-->
    <id column="id" jdbcType="INTEGER" property="id" />
    <result column="audio_Url" jdbcType="VARCHAR" property="audioUrl" />
    <result column="bookON" jdbcType="INTEGER" property="bookon" />
    <result column="chapter_Id" jdbcType="INTEGER" property="chapterId" />
  </resultMap>
  <sql id="Base_Column_List">
    <!--@mbg.generated generated on Wed Apr 01 11:55:41 CST 2020.-->
    id, audio_Url, bookON, chapter_Id
  </sql>
  <update id="updateBatch" parameterType="java.util.List">
    <!--@mbg.generated generated on Wed Apr 01 11:55:41 CST 2020.-->
    update audio_url
    <trim prefix="set" suffixOverrides=",">
      <trim prefix="audio_Url = case" suffix="end,">
        <foreach collection="list" index="index" item="item">
          when id = #{item.id,jdbcType=INTEGER} then #{item.audioUrl,jdbcType=VARCHAR}
        </foreach>
      </trim>
      <trim prefix="bookON = case" suffix="end,">
        <foreach collection="list" index="index" item="item">
          when id = #{item.id,jdbcType=INTEGER} then #{item.bookon,jdbcType=INTEGER}
        </foreach>
      </trim>
      <trim prefix="chapter_Id = case" suffix="end,">
        <foreach collection="list" index="index" item="item">
          when id = #{item.id,jdbcType=INTEGER} then #{item.chapterId,jdbcType=INTEGER}
        </foreach>
      </trim>
    </trim>
    where id in
    <foreach close=")" collection="list" item="item" open="(" separator=", ">
      #{item.id,jdbcType=INTEGER}
    </foreach>
  </update>
  <insert id="batchInsert" keyColumn="id" keyProperty="id" parameterType="map" useGeneratedKeys="true">
    <!--@mbg.generated generated on Wed Apr 01 11:55:41 CST 2020.-->
    insert into audio_url
    (audio_Url, bookON, chapter_Id)
    values
    <foreach collection="list" item="item" separator=",">
      (#{item.audioUrl,jdbcType=VARCHAR}, #{item.bookon,jdbcType=INTEGER}, #{item.chapterId,jdbcType=INTEGER}
        )
    </foreach>
  </insert>
  <insert id="insertOrUpdate" keyColumn="id" keyProperty="id" parameterType="edu.xja.digitallibrary.pojo.AudioUrl" useGeneratedKeys="true">
    <!--@mbg.generated generated on Wed Apr 01 11:55:41 CST 2020.-->
    insert into audio_url
    <trim prefix="(" suffix=")" suffixOverrides=",">
      <if test="id != null">
        id,
      </if>
      audio_Url,
      bookON,
      chapter_Id,
    </trim>
    values
    <trim prefix="(" suffix=")" suffixOverrides=",">
      <if test="id != null">
        #{id,jdbcType=INTEGER},
      </if>
      #{audioUrl,jdbcType=VARCHAR},
      #{bookon,jdbcType=INTEGER},
      #{chapterId,jdbcType=INTEGER},
    </trim>
    on duplicate key update 
    <trim suffixOverrides=",">
      <if test="id != null">
        id = #{id,jdbcType=INTEGER},
      </if>
      audio_Url = #{audioUrl,jdbcType=VARCHAR},
      bookON = #{bookon,jdbcType=INTEGER},
      chapter_Id = #{chapterId,jdbcType=INTEGER},
    </trim>
  </insert>
  <insert id="insertOrUpdateSelective" keyColumn="id" keyProperty="id" parameterType="edu.xja.digitallibrary.pojo.AudioUrl" useGeneratedKeys="true">
    <!--@mbg.generated generated on Wed Apr 01 11:55:41 CST 2020.-->
    insert into audio_url
    <trim prefix="(" suffix=")" suffixOverrides=",">
      <if test="id != null">
        id,
      </if>
      <if test="audioUrl != null">
        audio_Url,
      </if>
      <if test="bookon != null">
        bookON,
      </if>
      <if test="chapterId != null">
        chapter_Id,
      </if>
    </trim>
    values
    <trim prefix="(" suffix=")" suffixOverrides=",">
      <if test="id != null">
        #{id,jdbcType=INTEGER},
      </if>
      <if test="audioUrl != null">
        #{audioUrl,jdbcType=VARCHAR},
      </if>
      <if test="bookon != null">
        #{bookon,jdbcType=INTEGER},
      </if>
      <if test="chapterId != null">
        #{chapterId,jdbcType=INTEGER},
      </if>
    </trim>
    on duplicate key update 
    <trim suffixOverrides=",">
      <if test="id != null">
        id = #{id,jdbcType=INTEGER},
      </if>
      <if test="audioUrl != null">
        audio_Url = #{audioUrl,jdbcType=VARCHAR},
      </if>
      <if test="bookon != null">
        bookON = #{bookon,jdbcType=INTEGER},
      </if>
      <if test="chapterId != null">
        chapter_Id = #{chapterId,jdbcType=INTEGER},
      </if>
    </trim>
  </insert>
</mapper>