<?xml version="1.0" encoding="UTF-8"?>
<!DOCTYPE mapper PUBLIC "-//mybatis.org//DTD Mapper 3.0//EN" "http://mybatis.org/dtd/mybatis-3-mapper.dtd">
<mapper namespace="edu.xja.digitallibrary.dao.AudiocateMapper">
  <resultMap id="BaseResultMap" type="edu.xja.digitallibrary.pojo.Audiocate">
    <!--@mbg.generated generated on Wed Apr 01 12:14:18 CST 2020.-->
    <id column="id" jdbcType="INTEGER" property="id" />
    <result column="catename" jdbcType="VARCHAR" property="catename" />
  </resultMap>
  <sql id="Base_Column_List">
    <!--@mbg.generated generated on Wed Apr 01 12:14:18 CST 2020.-->
    id, catename
  </sql>
  <update id="updateBatch" parameterType="java.util.List">
    <!--@mbg.generated generated on Wed Apr 01 12:14:18 CST 2020.-->
    update audiocate
    <trim prefix="set" suffixOverrides=",">
      <trim prefix="catename = case" suffix="end,">
        <foreach collection="list" index="index" item="item">
          when id = #{item.id,jdbcType=INTEGER} then #{item.catename,jdbcType=VARCHAR}
        </foreach>
      </trim>
    </trim>
    where id in
    <foreach close=")" collection="list" item="item" open="(" separator=", ">
      #{item.id,jdbcType=INTEGER}
    </foreach>
  </update>
  <insert id="batchInsert" parameterType="map">
    <!--@mbg.generated generated on Wed Apr 01 12:14:18 CST 2020.-->
    insert into audiocate
    (id, catename)
    values
    <foreach collection="list" item="item" separator=",">
      (#{item.id,jdbcType=INTEGER}, #{item.catename,jdbcType=VARCHAR})
    </foreach>
  </insert>
  <insert id="insertOrUpdate" parameterType="edu.xja.digitallibrary.pojo.Audiocate">
    <!--@mbg.generated generated on Wed Apr 01 12:14:18 CST 2020.-->
    insert into audiocate
    (id, catename)
    values
    (#{id,jdbcType=INTEGER}, #{catename,jdbcType=VARCHAR})
    on duplicate key update 
    id = #{id,jdbcType=INTEGER}, 
    catename = #{catename,jdbcType=VARCHAR}
  </insert>
  <insert id="insertOrUpdateSelective" parameterType="edu.xja.digitallibrary.pojo.Audiocate">
    <!--@mbg.generated generated on Wed Apr 01 12:14:18 CST 2020.-->
    insert into audiocate
    <trim prefix="(" suffix=")" suffixOverrides=",">
      <if test="id != null">
        id,
      </if>
      <if test="catename != null">
        catename,
      </if>
    </trim>
    values
    <trim prefix="(" suffix=")" suffixOverrides=",">
      <if test="id != null">
        #{id,jdbcType=INTEGER},
      </if>
      <if test="catename != null">
        #{catename,jdbcType=VARCHAR},
      </if>
    </trim>
    on duplicate key update 
    <trim suffixOverrides=",">
      <if test="id != null">
        id = #{id,jdbcType=INTEGER},
      </if>
      <if test="catename != null">
        catename = #{catename,jdbcType=VARCHAR},
      </if>
    </trim>
  </insert>
</mapper>