<?xml version="1.0" encoding="UTF-8"?>
<!DOCTYPE mapper PUBLIC "-//mybatis.org//DTD Mapper 3.0//EN" "http://mybatis.org/dtd/mybatis-3-mapper.dtd">
<mapper namespace="edu.xja.digitallibrary.dao.AudiobookMapper">
  <resultMap id="BaseResultMap" type="edu.xja.digitallibrary.pojo.Audiobook">
    <!--@mbg.generated generated on Wed Apr 01 11:55:41 CST 2020.-->
    <id column="id" jdbcType="INTEGER" property="id" />
    <result column="categoryId" jdbcType="INTEGER" property="categoryid" />
    <result column="categoryName" jdbcType="VARCHAR" property="categoryname" />
    <result column="bookNo" jdbcType="INTEGER" property="bookno" />
    <result column="bookName" jdbcType="VARCHAR" property="bookname" />
    <result column="author" jdbcType="VARCHAR" property="author" />
    <result column="louder" jdbcType="VARCHAR" property="louder" />
    <result column="cover_https" jdbcType="VARCHAR" property="coverHttps" />
    <result column="bookChapter" jdbcType="INTEGER" property="bookchapter" />
    <result column="duration" jdbcType="INTEGER" property="duration" />
    <result column="bookIntro" jdbcType="LONGVARCHAR" property="bookintro" />
  </resultMap>
  <sql id="Base_Column_List">
    <!--@mbg.generated generated on Wed Apr 01 11:55:41 CST 2020.-->
    id, categoryId, categoryName, bookNo, bookName, author, louder, cover_https, bookChapter, 
    duration, bookIntro
  </sql>
  <select id="searchOne" resultMap="BaseResultMap">
    select *  from  audiobook where   bookNo=#{bookno,jdbcType=INTEGER}
  </select>
  <select id="searchAudio"  resultMap="BaseResultMap">
    select * from audiobook where 1=1
   <if test="bookId != null and bookId != ''.toString()">
     AND id=#{bookId,jdbcType=INTEGER}
   </if>
   <if test="cateId != null ">
     AND  categoryId=#{cateId,jdbcType=INTEGER}
   </if>
   <if test="bookNo != null">
     AND  bookNo=#{bookNo,jdbcType=INTEGER}
   </if>
    <if test="keyword != null and keyword != ''">
      AND bookName like concat('%', #{keyword,jdbcType=VARCHAR} ,'%')or
                                  author like concat('%', #{keyword,jdbcType=VARCHAR}'%')
    </if>

  </select>
  <update id="updateBatch" parameterType="java.util.List">
    <!--@mbg.generated generated on Wed Apr 01 11:55:41 CST 2020.-->
    update audiobook
    <trim prefix="set" suffixOverrides=",">
      <trim prefix="categoryId = case" suffix="end,">
        <foreach collection="list" index="index" item="item">
          when id = #{item.id,jdbcType=INTEGER} then #{item.categoryid,jdbcType=INTEGER}
        </foreach>
      </trim>
      <trim prefix="categoryName = case" suffix="end,">
        <foreach collection="list" index="index" item="item">
          when id = #{item.id,jdbcType=INTEGER} then #{item.categoryname,jdbcType=VARCHAR}
        </foreach>
      </trim>
      <trim prefix="bookNo = case" suffix="end,">
        <foreach collection="list" index="index" item="item">
          when id = #{item.id,jdbcType=INTEGER} then #{item.bookno,jdbcType=INTEGER}
        </foreach>
      </trim>
      <trim prefix="bookName = case" suffix="end,">
        <foreach collection="list" index="index" item="item">
          when id = #{item.id,jdbcType=INTEGER} then #{item.bookname,jdbcType=VARCHAR}
        </foreach>
      </trim>
      <trim prefix="author = case" suffix="end,">
        <foreach collection="list" index="index" item="item">
          when id = #{item.id,jdbcType=INTEGER} then #{item.author,jdbcType=VARCHAR}
        </foreach>
      </trim>
      <trim prefix="louder = case" suffix="end,">
        <foreach collection="list" index="index" item="item">
          when id = #{item.id,jdbcType=INTEGER} then #{item.louder,jdbcType=VARCHAR}
        </foreach>
      </trim>
      <trim prefix="cover_https = case" suffix="end,">
        <foreach collection="list" index="index" item="item">
          when id = #{item.id,jdbcType=INTEGER} then #{item.coverHttps,jdbcType=VARCHAR}
        </foreach>
      </trim>
      <trim prefix="bookChapter = case" suffix="end,">
        <foreach collection="list" index="index" item="item">
          when id = #{item.id,jdbcType=INTEGER} then #{item.bookchapter,jdbcType=INTEGER}
        </foreach>
      </trim>
      <trim prefix="duration = case" suffix="end,">
        <foreach collection="list" index="index" item="item">
          when id = #{item.id,jdbcType=INTEGER} then #{item.duration,jdbcType=INTEGER}
        </foreach>
      </trim>
      <trim prefix="bookIntro = case" suffix="end,">
        <foreach collection="list" index="index" item="item">
          when id = #{item.id,jdbcType=INTEGER} then #{item.bookintro,jdbcType=LONGVARCHAR}
        </foreach>
      </trim>
    </trim>
    where id in
    <foreach close=")" collection="list" item="item" open="(" separator=", ">
      #{item.id,jdbcType=INTEGER}
    </foreach>
  </update>
  <insert id="batchInsert" parameterType="map">
    <!--@mbg.generated generated on Wed Apr 01 11:55:41 CST 2020.-->
    insert into audiobook
    (id, categoryId, categoryName, bookNo, bookName, author, louder, cover_https, bookChapter, 
      duration, bookIntro)
    values
    <foreach collection="list" item="item" separator=",">
      (#{item.id,jdbcType=INTEGER}, #{item.categoryid,jdbcType=INTEGER}, #{item.categoryname,jdbcType=VARCHAR}, 
        #{item.bookno,jdbcType=INTEGER}, #{item.bookname,jdbcType=VARCHAR}, #{item.author,jdbcType=VARCHAR}, 
        #{item.louder,jdbcType=VARCHAR}, #{item.coverHttps,jdbcType=VARCHAR}, #{item.bookchapter,jdbcType=INTEGER}, 
        #{item.duration,jdbcType=INTEGER}, #{item.bookintro,jdbcType=LONGVARCHAR})
    </foreach>
  </insert>
  <insert id="insertOrUpdate" parameterType="edu.xja.digitallibrary.pojo.Audiobook">
    <!--@mbg.generated generated on Wed Apr 01 11:55:41 CST 2020.-->
    insert into audiobook
    (id, categoryId, categoryName, bookNo, bookName, author, louder, cover_https, bookChapter, 
      duration, bookIntro)
    values
    (#{id,jdbcType=INTEGER}, #{categoryid,jdbcType=INTEGER}, #{categoryname,jdbcType=VARCHAR}, 
      #{bookno,jdbcType=INTEGER}, #{bookname,jdbcType=VARCHAR}, #{author,jdbcType=VARCHAR}, 
      #{louder,jdbcType=VARCHAR}, #{coverHttps,jdbcType=VARCHAR}, #{bookchapter,jdbcType=INTEGER}, 
      #{duration,jdbcType=INTEGER}, #{bookintro,jdbcType=LONGVARCHAR})
    on duplicate key update 
    id = #{id,jdbcType=INTEGER}, 
    categoryId = #{categoryid,jdbcType=INTEGER}, 
    categoryName = #{categoryname,jdbcType=VARCHAR}, 
    bookNo = #{bookno,jdbcType=INTEGER}, 
    bookName = #{bookname,jdbcType=VARCHAR}, 
    author = #{author,jdbcType=VARCHAR}, 
    louder = #{louder,jdbcType=VARCHAR}, 
    cover_https = #{coverHttps,jdbcType=VARCHAR}, 
    bookChapter = #{bookchapter,jdbcType=INTEGER}, 
    duration = #{duration,jdbcType=INTEGER}, 
    bookIntro = #{bookintro,jdbcType=LONGVARCHAR}
  </insert>
  <insert id="insertOrUpdateSelective" parameterType="edu.xja.digitallibrary.pojo.Audiobook">
    <!--@mbg.generated generated on Wed Apr 01 11:55:41 CST 2020.-->
    insert into audiobook
    <trim prefix="(" suffix=")" suffixOverrides=",">
      <if test="id != null">
        id,
      </if>
      <if test="categoryid != null">
        categoryId,
      </if>
      <if test="categoryname != null">
        categoryName,
      </if>
      <if test="bookno != null">
        bookNo,
      </if>
      <if test="bookname != null">
        bookName,
      </if>
      <if test="author != null">
        author,
      </if>
      <if test="louder != null">
        louder,
      </if>
      <if test="coverHttps != null">
        cover_https,
      </if>
      <if test="bookchapter != null">
        bookChapter,
      </if>
      <if test="duration != null">
        duration,
      </if>
      <if test="bookintro != null">
        bookIntro,
      </if>
    </trim>
    values
    <trim prefix="(" suffix=")" suffixOverrides=",">
      <if test="id != null">
        #{id,jdbcType=INTEGER},
      </if>
      <if test="categoryid != null">
        #{categoryid,jdbcType=INTEGER},
      </if>
      <if test="categoryname != null">
        #{categoryname,jdbcType=VARCHAR},
      </if>
      <if test="bookno != null">
        #{bookno,jdbcType=INTEGER},
      </if>
      <if test="bookname != null">
        #{bookname,jdbcType=VARCHAR},
      </if>
      <if test="author != null">
        #{author,jdbcType=VARCHAR},
      </if>
      <if test="louder != null">
        #{louder,jdbcType=VARCHAR},
      </if>
      <if test="coverHttps != null">
        #{coverHttps,jdbcType=VARCHAR},
      </if>
      <if test="bookchapter != null">
        #{bookchapter,jdbcType=INTEGER},
      </if>
      <if test="duration != null">
        #{duration,jdbcType=INTEGER},
      </if>
      <if test="bookintro != null">
        #{bookintro,jdbcType=LONGVARCHAR},
      </if>
    </trim>
    on duplicate key update 
    <trim suffixOverrides=",">
      <if test="id != null">
        id = #{id,jdbcType=INTEGER},
      </if>
      <if test="categoryid != null">
        categoryId = #{categoryid,jdbcType=INTEGER},
      </if>
      <if test="categoryname != null">
        categoryName = #{categoryname,jdbcType=VARCHAR},
      </if>
      <if test="bookno != null">
        bookNo = #{bookno,jdbcType=INTEGER},
      </if>
      <if test="bookname != null">
        bookName = #{bookname,jdbcType=VARCHAR},
      </if>
      <if test="author != null">
        author = #{author,jdbcType=VARCHAR},
      </if>
      <if test="louder != null">
        louder = #{louder,jdbcType=VARCHAR},
      </if>
      <if test="coverHttps != null">
        cover_https = #{coverHttps,jdbcType=VARCHAR},
      </if>
      <if test="bookchapter != null">
        bookChapter = #{bookchapter,jdbcType=INTEGER},
      </if>
      <if test="duration != null">
        duration = #{duration,jdbcType=INTEGER},
      </if>
      <if test="bookintro != null">
        bookIntro = #{bookintro,jdbcType=LONGVARCHAR},
      </if>
    </trim>
  </insert>
</mapper>


