<?xml version="1.0" encoding="UTF-8"?>
<!DOCTYPE mapper PUBLIC "-//mybatis.org//DTD Mapper 3.0//EN" "http://mybatis.org/dtd/mybatis-3-mapper.dtd">
<mapper namespace="edu.xja.digitallibrary.dao.BookshelfMapper">
  <resultMap id="BaseResultMap" type="edu.xja.digitallibrary.pojo.Bookshelf">
    <!--@mbg.generated generated on Wed Apr 08 19:55:54 CST 2020.-->
    <id column="id" jdbcType="INTEGER" property="id" />
    <result column="bookid" jdbcType="INTEGER" property="bookid" />
    <result column="bookcate" jdbcType="INTEGER" property="bookcate" />
    <result column="usrno" jdbcType="INTEGER" property="usrno" />
    <result column="status" jdbcType="INTEGER" property="status" />
  </resultMap>
  <sql id="Base_Column_List">
    <!--@mbg.generated generated on Wed Apr 08 19:55:54 CST 2020.-->
    id, bookid, bookcate, usrno, `status`
  </sql>
  <update id="updateBatch" parameterType="java.util.List">
    <!--@mbg.generated generated on Wed Apr 08 19:55:54 CST 2020.-->
    update bookshelf
    <trim prefix="set" suffixOverrides=",">
      <trim prefix="bookid = case" suffix="end,">
        <foreach collection="list" index="index" item="item">
          when id = #{item.id,jdbcType=INTEGER} then #{item.bookid,jdbcType=INTEGER}
        </foreach>
      </trim>
      <trim prefix="bookcate = case" suffix="end,">
        <foreach collection="list" index="index" item="item">
          when id = #{item.id,jdbcType=INTEGER} then #{item.bookcate,jdbcType=INTEGER}
        </foreach>
      </trim>
      <trim prefix="usrno = case" suffix="end,">
        <foreach collection="list" index="index" item="item">
          when id = #{item.id,jdbcType=INTEGER} then #{item.usrno,jdbcType=INTEGER}
        </foreach>
      </trim>
      <trim prefix="`status` = case" suffix="end,">
        <foreach collection="list" index="index" item="item">
          when id = #{item.id,jdbcType=INTEGER} then #{item.status,jdbcType=INTEGER}
        </foreach>
      </trim>
    </trim>
    where id in
    <foreach close=")" collection="list" item="item" open="(" separator=", ">
      #{item.id,jdbcType=INTEGER}
    </foreach>
  </update>
  <insert id="batchInsert" keyColumn="id" keyProperty="id" parameterType="map" useGeneratedKeys="true">
    <!--@mbg.generated generated on Wed Apr 08 19:55:54 CST 2020.-->
    insert into bookshelf
    (bookid, bookcate, usrno, `status`)
    values
    <foreach collection="list" item="item" separator=",">
      (#{item.bookid,jdbcType=INTEGER}, #{item.bookcate,jdbcType=INTEGER}, #{item.usrno,jdbcType=INTEGER}, 
        #{item.status,jdbcType=INTEGER})
    </foreach>
  </insert>
  <insert id="insertOrUpdate" keyColumn="id" keyProperty="id" parameterType="edu.xja.digitallibrary.pojo.Bookshelf" useGeneratedKeys="true">
    <!--@mbg.generated generated on Wed Apr 08 19:55:54 CST 2020.-->
    insert into bookshelf
    <trim prefix="(" suffix=")" suffixOverrides=",">
      <if test="id != null">
        id,
      </if>
      bookid,
      bookcate,
      usrno,
      `status`,
    </trim>
    values
    <trim prefix="(" suffix=")" suffixOverrides=",">
      <if test="id != null">
        #{id,jdbcType=INTEGER},
      </if>
      #{bookid,jdbcType=INTEGER},
      #{bookcate,jdbcType=INTEGER},
      #{usrno,jdbcType=INTEGER},
      #{status,jdbcType=INTEGER},
    </trim>
    on duplicate key update 
    <trim suffixOverrides=",">
      <if test="id != null">
        id = #{id,jdbcType=INTEGER},
      </if>
      bookid = #{bookid,jdbcType=INTEGER},
      bookcate = #{bookcate,jdbcType=INTEGER},
      usrno = #{usrno,jdbcType=INTEGER},
      `status` = #{status,jdbcType=INTEGER},
    </trim>
  </insert>
  <insert id="insertOrUpdateSelective" keyColumn="id" keyProperty="id" parameterType="edu.xja.digitallibrary.pojo.Bookshelf" useGeneratedKeys="true">
    <!--@mbg.generated generated on Wed Apr 08 19:55:54 CST 2020.-->
    insert into bookshelf
    <trim prefix="(" suffix=")" suffixOverrides=",">
      <if test="id != null">
        id,
      </if>
      <if test="bookid != null">
        bookid,
      </if>
      <if test="bookcate != null">
        bookcate,
      </if>
      <if test="usrno != null">
        usrno,
      </if>
      <if test="status != null">
        `status`,
      </if>
    </trim>
    values
    <trim prefix="(" suffix=")" suffixOverrides=",">
      <if test="id != null">
        #{id,jdbcType=INTEGER},
      </if>
      <if test="bookid != null">
        #{bookid,jdbcType=INTEGER},
      </if>
      <if test="bookcate != null">
        #{bookcate,jdbcType=INTEGER},
      </if>
      <if test="usrno != null">
        #{usrno,jdbcType=INTEGER},
      </if>
      <if test="status != null">
        #{status,jdbcType=INTEGER},
      </if>
    </trim>
    on duplicate key update 
    <trim suffixOverrides=",">
      <if test="id != null">
        id = #{id,jdbcType=INTEGER},
      </if>
      <if test="bookid != null">
        bookid = #{bookid,jdbcType=INTEGER},
      </if>
      <if test="bookcate != null">
        bookcate = #{bookcate,jdbcType=INTEGER},
      </if>
      <if test="usrno != null">
        usrno = #{usrno,jdbcType=INTEGER},
      </if>
      <if test="status != null">
        `status` = #{status,jdbcType=INTEGER},
      </if>
    </trim>
  </insert>
</mapper>