<?xml version="1.0" encoding="UTF-8"?>
<!DOCTYPE mapper PUBLIC "-//mybatis.org//DTD Mapper 3.0//EN" "http://mybatis.org/dtd/mybatis-3-mapper.dtd">
<mapper namespace="edu.xja.digitallibrary.dao.BookchapterMapper">
  <resultMap id="BaseResultMap" type="edu.xja.digitallibrary.pojo.Bookchapter">
    <!--@mbg.generated generated on Wed Apr 01 11:55:41 CST 2020.-->
    <id column="id" jdbcType="INTEGER" property="id" />
    <result column="book_Id" jdbcType="INTEGER" property="bookId" />
    <result column="chapter_Sort" jdbcType="INTEGER" property="chapterSort" />
    <result column="chapter_Id" jdbcType="INTEGER" property="chapterId" />
    <result column="chapter_Duration" jdbcType="INTEGER" property="chapterDuration" />
    <result column="chapter_Title" jdbcType="VARCHAR" property="chapterTitle" />
  </resultMap>
  <sql id="Base_Column_List">
    <!--@mbg.generated generated on Wed Apr 01 11:55:41 CST 2020.-->
    id, book_Id, chapter_Sort, chapter_Id, chapter_Duration, chapter_Title
  </sql>
  <update id="updateBatch" parameterType="java.util.List">
    <!--@mbg.generated generated on Wed Apr 01 11:55:41 CST 2020.-->
    update bookchapter
    <trim prefix="set" suffixOverrides=",">
      <trim prefix="book_Id = case" suffix="end,">
        <foreach collection="list" index="index" item="item">
          when id = #{item.id,jdbcType=INTEGER} then #{item.bookId,jdbcType=INTEGER}
        </foreach>
      </trim>
      <trim prefix="chapter_Sort = case" suffix="end,">
        <foreach collection="list" index="index" item="item">
          when id = #{item.id,jdbcType=INTEGER} then #{item.chapterSort,jdbcType=INTEGER}
        </foreach>
      </trim>
      <trim prefix="chapter_Id = case" suffix="end,">
        <foreach collection="list" index="index" item="item">
          when id = #{item.id,jdbcType=INTEGER} then #{item.chapterId,jdbcType=INTEGER}
        </foreach>
      </trim>
      <trim prefix="chapter_Duration = case" suffix="end,">
        <foreach collection="list" index="index" item="item">
          when id = #{item.id,jdbcType=INTEGER} then #{item.chapterDuration,jdbcType=INTEGER}
        </foreach>
      </trim>
      <trim prefix="chapter_Title = case" suffix="end,">
        <foreach collection="list" index="index" item="item">
          when id = #{item.id,jdbcType=INTEGER} then #{item.chapterTitle,jdbcType=VARCHAR}
        </foreach>
      </trim>
    </trim>
    where id in
    <foreach close=")" collection="list" item="item" open="(" separator=", ">
      #{item.id,jdbcType=INTEGER}
    </foreach>
  </update>
  <insert id="batchInsert" keyColumn="id" keyProperty="id" parameterType="map" useGeneratedKeys="true">
    <!--@mbg.generated generated on Wed Apr 01 11:55:41 CST 2020.-->
    insert into bookchapter
    (book_Id, chapter_Sort, chapter_Id, chapter_Duration, chapter_Title)
    values
    <foreach collection="list" item="item" separator=",">
      (#{item.bookId,jdbcType=INTEGER}, #{item.chapterSort,jdbcType=INTEGER}, #{item.chapterId,jdbcType=INTEGER}, 
        #{item.chapterDuration,jdbcType=INTEGER}, #{item.chapterTitle,jdbcType=VARCHAR}
        )
    </foreach>
  </insert>
  <insert id="insertOrUpdate" keyColumn="id" keyProperty="id" parameterType="edu.xja.digitallibrary.pojo.Bookchapter" useGeneratedKeys="true">
    <!--@mbg.generated generated on Wed Apr 01 11:55:41 CST 2020.-->
    insert into bookchapter
    <trim prefix="(" suffix=")" suffixOverrides=",">
      <if test="id != null">
        id,
      </if>
      book_Id,
      chapter_Sort,
      chapter_Id,
      chapter_Duration,
      chapter_Title,
    </trim>
    values
    <trim prefix="(" suffix=")" suffixOverrides=",">
      <if test="id != null">
        #{id,jdbcType=INTEGER},
      </if>
      #{bookId,jdbcType=INTEGER},
      #{chapterSort,jdbcType=INTEGER},
      #{chapterId,jdbcType=INTEGER},
      #{chapterDuration,jdbcType=INTEGER},
      #{chapterTitle,jdbcType=VARCHAR},
    </trim>
    on duplicate key update 
    <trim suffixOverrides=",">
      <if test="id != null">
        id = #{id,jdbcType=INTEGER},
      </if>
      book_Id = #{bookId,jdbcType=INTEGER},
      chapter_Sort = #{chapterSort,jdbcType=INTEGER},
      chapter_Id = #{chapterId,jdbcType=INTEGER},
      chapter_Duration = #{chapterDuration,jdbcType=INTEGER},
      chapter_Title = #{chapterTitle,jdbcType=VARCHAR},
    </trim>
  </insert>
  <insert id="insertOrUpdateSelective" keyColumn="id" keyProperty="id" parameterType="edu.xja.digitallibrary.pojo.Bookchapter" useGeneratedKeys="true">
    <!--@mbg.generated generated on Wed Apr 01 11:55:41 CST 2020.-->
    insert into bookchapter
    <trim prefix="(" suffix=")" suffixOverrides=",">
      <if test="id != null">
        id,
      </if>
      <if test="bookId != null">
        book_Id,
      </if>
      <if test="chapterSort != null">
        chapter_Sort,
      </if>
      <if test="chapterId != null">
        chapter_Id,
      </if>
      <if test="chapterDuration != null">
        chapter_Duration,
      </if>
      <if test="chapterTitle != null">
        chapter_Title,
      </if>
    </trim>
    values
    <trim prefix="(" suffix=")" suffixOverrides=",">
      <if test="id != null">
        #{id,jdbcType=INTEGER},
      </if>
      <if test="bookId != null">
        #{bookId,jdbcType=INTEGER},
      </if>
      <if test="chapterSort != null">
        #{chapterSort,jdbcType=INTEGER},
      </if>
      <if test="chapterId != null">
        #{chapterId,jdbcType=INTEGER},
      </if>
      <if test="chapterDuration != null">
        #{chapterDuration,jdbcType=INTEGER},
      </if>
      <if test="chapterTitle != null">
        #{chapterTitle,jdbcType=VARCHAR},
      </if>
    </trim>
    on duplicate key update 
    <trim suffixOverrides=",">
      <if test="id != null">
        id = #{id,jdbcType=INTEGER},
      </if>
      <if test="bookId != null">
        book_Id = #{bookId,jdbcType=INTEGER},
      </if>
      <if test="chapterSort != null">
        chapter_Sort = #{chapterSort,jdbcType=INTEGER},
      </if>
      <if test="chapterId != null">
        chapter_Id = #{chapterId,jdbcType=INTEGER},
      </if>
      <if test="chapterDuration != null">
        chapter_Duration = #{chapterDuration,jdbcType=INTEGER},
      </if>
      <if test="chapterTitle != null">
        chapter_Title = #{chapterTitle,jdbcType=VARCHAR},
      </if>
    </trim>
  </insert>
</mapper>