<?xml version="1.0" encoding="UTF-8"?>
<!DOCTYPE mapper PUBLIC "-//mybatis.org//DTD Mapper 3.0//EN" "http://mybatis.org/dtd/mybatis-3-mapper.dtd">
<mapper namespace="edu.xja.digitallibrary.dao.BorrowMapper">
  <resultMap id="BaseResultMap" type="edu.xja.digitallibrary.pojo.Borrow">
    <!--@mbg.generated generated on Sun Apr 26 14:33:10 CST 2020.-->
    <id column="id" jdbcType="INTEGER" property="id" />
    <result column="bookno" jdbcType="INTEGER" property="bookno" />
    <result column="userno" jdbcType="VARCHAR" property="userno" />
    <result column="start_time" jdbcType="VARCHAR" property="startTime" />
    <result column="end_time" jdbcType="VARCHAR" property="endTime" />
    <result column="status" jdbcType="INTEGER" property="status" />
  </resultMap>
  <sql id="Base_Column_List">
    <!--@mbg.generated generated on Sun Apr 26 14:33:10 CST 2020.-->
    id, bookno, userno, start_time, end_time, `status`
  </sql>
  <select id="searchBorrowBook" parameterType="edu.xja.digitallibrary.pojo.Borrow" resultType="java.util.Map">
    select *  from borrow as a INNER JOIN  readbook as b WHERE a.bookno=b.bookNo
         <if test="userno != null and userno != ''">
           AND a.userno=#{userno,jdbcType=VARCHAR}
         </if>
          <if test="startTime != null and startTime != ''">
            and a.start_time=#{startTime,jdbcType=VARCHAR}
          </if>
          <if test="endTime != null and endTime != ''">
            and a.end_time=#{endTime,jdbcType=VARCHAR}
          </if>
          <if test="status != null">
            and a.status=#{status,jdbcType=INTEGER}
          </if>
        <if test="bookno != null">
          and  a.bookno=#{bookno,jdbcType=INTEGER}
        </if>
  </select>
  <update id="updateOneStatus" parameterType="int">
   update  borrow set  status=#{status,jdbcType=INTEGER} where  id=#{borrowId,jdbcType=INTEGER}
  </update>
  <update id="updateBatch" parameterType="java.util.List">
    <!--@mbg.generated generated on Sun Apr 26 14:33:10 CST 2020.-->
    update borrow
    <trim prefix="set" suffixOverrides=",">
      <trim prefix="bookno = case" suffix="end,">
        <foreach collection="list" index="index" item="item">
          when id = #{item.id,jdbcType=INTEGER} then #{item.bookno,jdbcType=INTEGER}
        </foreach>
      </trim>
      <trim prefix="userno = case" suffix="end,">
        <foreach collection="list" index="index" item="item">
          when id = #{item.id,jdbcType=INTEGER} then #{item.userno,jdbcType=VARCHAR}
        </foreach>
      </trim>
      <trim prefix="start_time = case" suffix="end,">
        <foreach collection="list" index="index" item="item">
          when id = #{item.id,jdbcType=INTEGER} then #{item.startTime,jdbcType=VARCHAR}
        </foreach>
      </trim>
      <trim prefix="end_time = case" suffix="end,">
        <foreach collection="list" index="index" item="item">
          when id = #{item.id,jdbcType=INTEGER} then #{item.endTime,jdbcType=VARCHAR}
        </foreach>
      </trim>
      <trim prefix="`status` = case" suffix="end,">
        <foreach collection="list" index="index" item="item">
          when id = #{item.id,jdbcType=INTEGER} then #{item.status,jdbcType=INTEGER}
        </foreach>
      </trim>
    </trim>
    where id in
    <foreach close=")" collection="list" item="item" open="(" separator=", ">
      #{item.id,jdbcType=INTEGER}
    </foreach>
  </update>
  <insert id="batchInsert" keyColumn="id" keyProperty="id" parameterType="map" useGeneratedKeys="true">
    <!--@mbg.generated generated on Sun Apr 26 14:33:10 CST 2020.-->
    insert into borrow
    (bookno, userno, start_time, end_time, `status`)
    values
    <foreach collection="list" item="item" separator=",">
      (#{item.bookno,jdbcType=INTEGER}, #{item.userno,jdbcType=VARCHAR}, #{item.startTime,jdbcType=VARCHAR}, 
        #{item.endTime,jdbcType=VARCHAR}, #{item.status,jdbcType=INTEGER})
    </foreach>
  </insert>
  <insert id="insertOrUpdate" keyColumn="id" keyProperty="id" parameterType="edu.xja.digitallibrary.pojo.Borrow" useGeneratedKeys="true">
    <!--@mbg.generated generated on Sun Apr 26 14:33:10 CST 2020.-->
    insert into borrow
    <trim prefix="(" suffix=")" suffixOverrides=",">
      <if test="id != null">
        id,
      </if>
      bookno,
      userno,
      start_time,
      end_time,
      `status`,
    </trim>
    values
    <trim prefix="(" suffix=")" suffixOverrides=",">
      <if test="id != null">
        #{id,jdbcType=INTEGER},
      </if>
      #{bookno,jdbcType=INTEGER},
      #{userno,jdbcType=VARCHAR},
      #{startTime,jdbcType=VARCHAR},
      #{endTime,jdbcType=VARCHAR},
      #{status,jdbcType=INTEGER},
    </trim>
    on duplicate key update 
    <trim suffixOverrides=",">
      <if test="id != null">
        id = #{id,jdbcType=INTEGER},
      </if>
      bookno = #{bookno,jdbcType=INTEGER},
      userno = #{userno,jdbcType=VARCHAR},
      start_time = #{startTime,jdbcType=VARCHAR},
      end_time = #{endTime,jdbcType=VARCHAR},
      `status` = #{status,jdbcType=INTEGER},
    </trim>
  </insert>
  <insert id="insertOrUpdateSelective" keyColumn="id" keyProperty="id" parameterType="edu.xja.digitallibrary.pojo.Borrow" useGeneratedKeys="true">
    <!--@mbg.generated generated on Sun Apr 26 14:33:10 CST 2020.-->
    insert into borrow
    <trim prefix="(" suffix=")" suffixOverrides=",">
      <if test="id != null">
        id,
      </if>
      <if test="bookno != null">
        bookno,
      </if>
      <if test="userno != null">
        userno,
      </if>
      <if test="startTime != null">
        start_time,
      </if>
      <if test="endTime != null">
        end_time,
      </if>
      <if test="status != null">
        `status`,
      </if>
    </trim>
    values
    <trim prefix="(" suffix=")" suffixOverrides=",">
      <if test="id != null">
        #{id,jdbcType=INTEGER},
      </if>
      <if test="bookno != null">
        #{bookno,jdbcType=INTEGER},
      </if>
      <if test="userno != null">
        #{userno,jdbcType=VARCHAR},
      </if>
      <if test="startTime != null">
        #{startTime,jdbcType=VARCHAR},
      </if>
      <if test="endTime != null">
        #{endTime,jdbcType=VARCHAR},
      </if>
      <if test="status != null">
        #{status,jdbcType=INTEGER},
      </if>
    </trim>
    on duplicate key update 
    <trim suffixOverrides=",">
      <if test="id != null">
        id = #{id,jdbcType=INTEGER},
      </if>
      <if test="bookno != null">
        bookno = #{bookno,jdbcType=INTEGER},
      </if>
      <if test="userno != null">
        userno = #{userno,jdbcType=VARCHAR},
      </if>
      <if test="startTime != null">
        start_time = #{startTime,jdbcType=VARCHAR},
      </if>
      <if test="endTime != null">
        end_time = #{endTime,jdbcType=VARCHAR},
      </if>
      <if test="status != null">
        `status` = #{status,jdbcType=INTEGER},
      </if>
    </trim>
  </insert>
</mapper>