<?xml version="1.0" encoding="UTF-8"?>
<!DOCTYPE mapper PUBLIC "-//mybatis.org//DTD Mapper 3.0//EN" "http://mybatis.org/dtd/mybatis-3-mapper.dtd">
<mapper namespace="edu.xja.digitallibrary.dao.CateMapper">
  <resultMap id="BaseResultMap" type="edu.xja.digitallibrary.pojo.Cate">
    <!--@mbg.generated generated on Fri Feb 14 19:11:23 CST 2020.-->
    <id column="cate_id" jdbcType="INTEGER" property="cateId" />
    <result column="cate_name" jdbcType="VARCHAR" property="cateName" />
  </resultMap>
  <sql id="Base_Column_List">
    <!--@mbg.generated generated on Fri Feb 14 19:11:23 CST 2020.-->
    cate_id, cate_name
  </sql>
  <insert id="batchInsert" keyColumn="cate_id" keyProperty="cateId" parameterType="map" useGeneratedKeys="true">
    <!--@mbg.generated generated on Fri Feb 14 19:11:23 CST 2020.-->
    insert into cate
    (cate_name)
    values
    <foreach collection="list" item="item" separator=",">
      (#{item.cateName,jdbcType=VARCHAR})
    </foreach>
  </insert>
</mapper>