<?xml version="1.0" encoding="UTF-8"?>
<!DOCTYPE mapper PUBLIC "-//mybatis.org//DTD Mapper 3.0//EN" "http://mybatis.org/dtd/mybatis-3-mapper.dtd">
<mapper namespace="edu.xja.digitallibrary.dao.ReadcateMapper">
  <resultMap id="BaseResultMap" type="edu.xja.digitallibrary.pojo.Readcate">
    <!--@mbg.generated generated on Fri Apr 03 23:10:55 CST 2020.-->
    <id column="id" jdbcType="INTEGER" property="id" />
    <result column="cataId" jdbcType="VARCHAR" property="cataid" />
  </resultMap>
  <sql id="Base_Column_List">
    <!--@mbg.generated generated on Fri Apr 03 23:10:55 CST 2020.-->
    id, cataId
  </sql>
  <update id="updateBatch" parameterType="java.util.List">
    <!--@mbg.generated generated on Fri Apr 03 23:10:55 CST 2020.-->
    update readcate
    <trim prefix="set" suffixOverrides=",">
      <trim prefix="cataId = case" suffix="end,">
        <foreach collection="list" index="index" item="item">
          when id = #{item.id,jdbcType=INTEGER} then #{item.cataid,jdbcType=VARCHAR}
        </foreach>
      </trim>
    </trim>
    where id in
    <foreach close=")" collection="list" item="item" open="(" separator=", ">
      #{item.id,jdbcType=INTEGER}
    </foreach>
  </update>
  <insert id="batchInsert" keyColumn="id" keyProperty="id" parameterType="map" useGeneratedKeys="true">
    <!--@mbg.generated generated on Fri Apr 03 23:10:55 CST 2020.-->
    insert into readcate
    (cataId)
    values
    <foreach collection="list" item="item" separator=",">
      (#{item.cataid,jdbcType=VARCHAR})
    </foreach>
  </insert>
  <insert id="insertOrUpdate" keyColumn="id" keyProperty="id" parameterType="edu.xja.digitallibrary.pojo.Readcate" useGeneratedKeys="true">
    <!--@mbg.generated generated on Fri Apr 03 23:10:55 CST 2020.-->
    insert into readcate
    <trim prefix="(" suffix=")" suffixOverrides=",">
      <if test="id != null">
        id,
      </if>
      cataId,
    </trim>
    values
    <trim prefix="(" suffix=")" suffixOverrides=",">
      <if test="id != null">
        #{id,jdbcType=INTEGER},
      </if>
      #{cataid,jdbcType=VARCHAR},
    </trim>
    on duplicate key update 
    <trim suffixOverrides=",">
      <if test="id != null">
        id = #{id,jdbcType=INTEGER},
      </if>
      cataId = #{cataid,jdbcType=VARCHAR},
    </trim>
  </insert>
  <insert id="insertOrUpdateSelective" keyColumn="id" keyProperty="id" parameterType="edu.xja.digitallibrary.pojo.Readcate" useGeneratedKeys="true">
    <!--@mbg.generated generated on Fri Apr 03 23:10:55 CST 2020.-->
    insert into readcate
    <trim prefix="(" suffix=")" suffixOverrides=",">
      <if test="id != null">
        id,
      </if>
      <if test="cataid != null">
        cataId,
      </if>
    </trim>
    values
    <trim prefix="(" suffix=")" suffixOverrides=",">
      <if test="id != null">
        #{id,jdbcType=INTEGER},
      </if>
      <if test="cataid != null">
        #{cataid,jdbcType=VARCHAR},
      </if>
    </trim>
    on duplicate key update 
    <trim suffixOverrides=",">
      <if test="id != null">
        id = #{id,jdbcType=INTEGER},
      </if>
      <if test="cataid != null">
        cataId = #{cataid,jdbcType=VARCHAR},
      </if>
    </trim>
  </insert>
</mapper>