<?xml version="1.0" encoding="UTF-8"?>
<!DOCTYPE mapper PUBLIC "-//mybatis.org//DTD Mapper 3.0//EN" "http://mybatis.org/dtd/mybatis-3-mapper.dtd">
<mapper namespace="edu.xja.digitallibrary.dao.ReadbookMapper">
  <resultMap id="BaseResultMap" type="edu.xja.digitallibrary.pojo.Readbook">
    <!--@mbg.generated generated on Fri Apr 03 23:10:55 CST 2020.-->
    <id column="id" jdbcType="INTEGER" property="id" />
    <result column="bookNo" jdbcType="VARCHAR" property="bookno" />
    <result column="author" jdbcType="VARCHAR" property="author" />
    <result column="bookName" jdbcType="VARCHAR" property="bookname" />
    <result column="catId" jdbcType="INTEGER" property="catid" />
    <result column="coverUrl" jdbcType="VARCHAR" property="coverurl" />
    <result column="intro" jdbcType="LONGVARCHAR" property="intro" />
    <result column="pageNumber" jdbcType="INTEGER" property="pagenumber" />
    <result column="publish" jdbcType="VARCHAR" property="publish" />
    <result column="publisDate" jdbcType="VARCHAR" property="publisdate" />
    <result column="status" jdbcType="INTEGER" property="status" />
  </resultMap>
  <sql id="Base_Column_List">
    <!--@mbg.generated generated on Fri Apr 03 23:10:55 CST 2020.-->
    id, bookNo, author, bookName, catId, coverUrl, intro, pageNumber, publish, publisDate, 
    `status`
  </sql>
  <select id="searchRead"  resultMap="BaseResultMap">
    select * from readbook where 1=1
    <if test="cateId != null ">
      AND  catId=#{cateId,jdbcType=INTEGER}
    </if>
    <if test="bookNo != null">
      AND  bookNo=#{bookNo,jdbcType=INTEGER}
    </if>
    <if test="keyword != null and keyword != '' ">
      AND ( bookName like concat('%',#{keyword,jdbcType=VARCHAR},'%') or author like
      concat('%',#{keyword,jdbcType=VARCHAR},'%'))
    </if>
  </select>
  <select id="test"  resultType="java.util.Map">
    SELECT * from  readbook  a INNER JOIN  readcate b  WHERE a.catId=b.id and b.id=1
  </select>
  <select id="homeCate"  resultMap="BaseResultMap">
    SELECT * from readbook WHERE catId in(12, 1, 2, 4, 7)
  </select>
  <select id="readRank" resultMap="BaseResultMap">
    SELECT * from readbook WHERE bookNo in(96202257,96070001,96225924,96154107,96077551,96130734,96077549,14016466)
  </select>
  <update id="updateBatch" parameterType="java.util.List">
    <!--@mbg.generated generated on Fri Apr 03 23:10:55 CST 2020.-->
    update readbook
    <trim prefix="set" suffixOverrides=",">
      <trim prefix="bookNo = case" suffix="end,">
        <foreach collection="list" index="index" item="item">
          when id = #{item.id,jdbcType=INTEGER} then #{item.bookno,jdbcType=VARCHAR}
        </foreach>
      </trim>
      <trim prefix="author = case" suffix="end,">
        <foreach collection="list" index="index" item="item">
          when id = #{item.id,jdbcType=INTEGER} then #{item.author,jdbcType=VARCHAR}
        </foreach>
      </trim>
      <trim prefix="bookName = case" suffix="end,">
        <foreach collection="list" index="index" item="item">
          when id = #{item.id,jdbcType=INTEGER} then #{item.bookname,jdbcType=VARCHAR}
        </foreach>
      </trim>
      <trim prefix="catId = case" suffix="end,">
        <foreach collection="list" index="index" item="item">
          when id = #{item.id,jdbcType=INTEGER} then #{item.catid,jdbcType=INTEGER}
        </foreach>
      </trim>
      <trim prefix="coverUrl = case" suffix="end,">
        <foreach collection="list" index="index" item="item">
          when id = #{item.id,jdbcType=INTEGER} then #{item.coverurl,jdbcType=VARCHAR}
        </foreach>
      </trim>
      <trim prefix="intro = case" suffix="end,">
        <foreach collection="list" index="index" item="item">
          when id = #{item.id,jdbcType=INTEGER} then #{item.intro,jdbcType=LONGVARCHAR}
        </foreach>
      </trim>
      <trim prefix="pageNumber = case" suffix="end,">
        <foreach collection="list" index="index" item="item">
          when id = #{item.id,jdbcType=INTEGER} then #{item.pagenumber,jdbcType=INTEGER}
        </foreach>
      </trim>
      <trim prefix="publish = case" suffix="end,">
        <foreach collection="list" index="index" item="item">
          when id = #{item.id,jdbcType=INTEGER} then #{item.publish,jdbcType=VARCHAR}
        </foreach>
      </trim>
      <trim prefix="publisDate = case" suffix="end,">
        <foreach collection="list" index="index" item="item">
          when id = #{item.id,jdbcType=INTEGER} then #{item.publisdate,jdbcType=VARCHAR}
        </foreach>
      </trim>
      <trim prefix="`status` = case" suffix="end,">
        <foreach collection="list" index="index" item="item">
          when id = #{item.id,jdbcType=INTEGER} then #{item.status,jdbcType=INTEGER}
        </foreach>
      </trim>
    </trim>
    where id in
    <foreach close=")" collection="list" item="item" open="(" separator=", ">
      #{item.id,jdbcType=INTEGER}
    </foreach>
  </update>
  <insert id="batchInsert" keyColumn="id" keyProperty="id" parameterType="map" useGeneratedKeys="true">
    <!--@mbg.generated generated on Fri Apr 03 23:10:55 CST 2020.-->
    insert into readbook
    (bookNo, author, bookName, catId, coverUrl, intro, pageNumber, publish, publisDate, 
      `status`)
    values
    <foreach collection="list" item="item" separator=",">
      (#{item.bookno,jdbcType=VARCHAR}, #{item.author,jdbcType=VARCHAR}, #{item.bookname,jdbcType=VARCHAR}, 
        #{item.catid,jdbcType=INTEGER}, #{item.coverurl,jdbcType=VARCHAR}, #{item.intro,jdbcType=LONGVARCHAR}, 
        #{item.pagenumber,jdbcType=INTEGER}, #{item.publish,jdbcType=VARCHAR}, #{item.publisdate,jdbcType=VARCHAR}, 
        #{item.status,jdbcType=INTEGER})
    </foreach>
  </insert>
  <insert id="insertOrUpdate" keyColumn="id" keyProperty="id" parameterType="edu.xja.digitallibrary.pojo.Readbook" useGeneratedKeys="true">
    <!--@mbg.generated generated on Fri Apr 03 23:10:55 CST 2020.-->
    insert into readbook
    <trim prefix="(" suffix=")" suffixOverrides=",">
      <if test="id != null">
        id,
      </if>
      bookNo,
      author,
      bookName,
      catId,
      coverUrl,
      intro,
      pageNumber,
      publish,
      publisDate,
      `status`,
    </trim>
    values
    <trim prefix="(" suffix=")" suffixOverrides=",">
      <if test="id != null">
        #{id,jdbcType=INTEGER},
      </if>
      #{bookno,jdbcType=VARCHAR},
      #{author,jdbcType=VARCHAR},
      #{bookname,jdbcType=VARCHAR},
      #{catid,jdbcType=INTEGER},
      #{coverurl,jdbcType=VARCHAR},
      #{intro,jdbcType=LONGVARCHAR},
      #{pagenumber,jdbcType=INTEGER},
      #{publish,jdbcType=VARCHAR},
      #{publisdate,jdbcType=VARCHAR},
      #{status,jdbcType=INTEGER},
    </trim>
    on duplicate key update 
    <trim suffixOverrides=",">
      <if test="id != null">
        id = #{id,jdbcType=INTEGER},
      </if>
      bookNo = #{bookno,jdbcType=VARCHAR},
      author = #{author,jdbcType=VARCHAR},
      bookName = #{bookname,jdbcType=VARCHAR},
      catId = #{catid,jdbcType=INTEGER},
      coverUrl = #{coverurl,jdbcType=VARCHAR},
      intro = #{intro,jdbcType=LONGVARCHAR},
      pageNumber = #{pagenumber,jdbcType=INTEGER},
      publish = #{publish,jdbcType=VARCHAR},
      publisDate = #{publisdate,jdbcType=VARCHAR},
      `status` = #{status,jdbcType=INTEGER},
    </trim>
  </insert>
  <insert id="insertOrUpdateSelective" keyColumn="id" keyProperty="id" parameterType="edu.xja.digitallibrary.pojo.Readbook" useGeneratedKeys="true">
    <!--@mbg.generated generated on Fri Apr 03 23:10:55 CST 2020.-->
    insert into readbook
    <trim prefix="(" suffix=")" suffixOverrides=",">
      <if test="id != null">
        id,
      </if>
      <if test="bookno != null">
        bookNo,
      </if>
      <if test="author != null">
        author,
      </if>
      <if test="bookname != null">
        bookName,
      </if>
      <if test="catid != null">
        catId,
      </if>
      <if test="coverurl != null">
        coverUrl,
      </if>
      <if test="intro != null">
        intro,
      </if>
      <if test="pagenumber != null">
        pageNumber,
      </if>
      <if test="publish != null">
        publish,
      </if>
      <if test="publisdate != null">
        publisDate,
      </if>
      <if test="status != null">
        `status`,
      </if>
    </trim>
    values
    <trim prefix="(" suffix=")" suffixOverrides=",">
      <if test="id != null">
        #{id,jdbcType=INTEGER},
      </if>
      <if test="bookno != null">
        #{bookno,jdbcType=VARCHAR},
      </if>
      <if test="author != null">
        #{author,jdbcType=VARCHAR},
      </if>
      <if test="bookname != null">
        #{bookname,jdbcType=VARCHAR},
      </if>
      <if test="catid != null">
        #{catid,jdbcType=INTEGER},
      </if>
      <if test="coverurl != null">
        #{coverurl,jdbcType=VARCHAR},
      </if>
      <if test="intro != null">
        #{intro,jdbcType=LONGVARCHAR},
      </if>
      <if test="pagenumber != null">
        #{pagenumber,jdbcType=INTEGER},
      </if>
      <if test="publish != null">
        #{publish,jdbcType=VARCHAR},
      </if>
      <if test="publisdate != null">
        #{publisdate,jdbcType=VARCHAR},
      </if>
      <if test="status != null">
        #{status,jdbcType=INTEGER},
      </if>
    </trim>
    on duplicate key update 
    <trim suffixOverrides=",">
      <if test="id != null">
        id = #{id,jdbcType=INTEGER},
      </if>
      <if test="bookno != null">
        bookNo = #{bookno,jdbcType=VARCHAR},
      </if>
      <if test="author != null">
        author = #{author,jdbcType=VARCHAR},
      </if>
      <if test="bookname != null">
        bookName = #{bookname,jdbcType=VARCHAR},
      </if>
      <if test="catid != null">
        catId = #{catid,jdbcType=INTEGER},
      </if>
      <if test="coverurl != null">
        coverUrl = #{coverurl,jdbcType=VARCHAR},
      </if>
      <if test="intro != null">
        intro = #{intro,jdbcType=LONGVARCHAR},
      </if>
      <if test="pagenumber != null">
        pageNumber = #{pagenumber,jdbcType=INTEGER},
      </if>
      <if test="publish != null">
        publish = #{publish,jdbcType=VARCHAR},
      </if>
      <if test="publisdate != null">
        publisDate = #{publisdate,jdbcType=VARCHAR},
      </if>
      <if test="status != null">
        `status` = #{status,jdbcType=INTEGER},
      </if>
    </trim>
  </insert>
</mapper>