<?xml version="1.0" encoding="UTF-8"?>
<!DOCTYPE mapper PUBLIC "-//mybatis.org//DTD Mapper 3.0//EN" "http://mybatis.org/dtd/mybatis-3-mapper.dtd">
<mapper namespace="edu.xja.digitallibrary.dao.ReadurlMapper">
  <resultMap id="BaseResultMap" type="edu.xja.digitallibrary.pojo.Readurl">
    <!--@mbg.generated generated on Fri Apr 03 23:10:55 CST 2020.-->
    <id column="id" jdbcType="INTEGER" property="id" />
    <result column="readUrl" jdbcType="VARCHAR" property="readurl" />
    <result column="bookNo" jdbcType="INTEGER" property="bookno" />
  </resultMap>
  <sql id="Base_Column_List">
    <!--@mbg.generated generated on Fri Apr 03 23:10:55 CST 2020.-->
    id, readUrl, bookNo
  </sql>
  <update id="updateBatch" parameterType="java.util.List">
    <!--@mbg.generated generated on Fri Apr 03 23:10:55 CST 2020.-->
    update readurl
    <trim prefix="set" suffixOverrides=",">
      <trim prefix="readUrl = case" suffix="end,">
        <foreach collection="list" index="index" item="item">
          when id = #{item.id,jdbcType=INTEGER} then #{item.readurl,jdbcType=VARCHAR}
        </foreach>
      </trim>
      <trim prefix="bookNo = case" suffix="end,">
        <foreach collection="list" index="index" item="item">
          when id = #{item.id,jdbcType=INTEGER} then #{item.bookno,jdbcType=INTEGER}
        </foreach>
      </trim>
    </trim>
    where id in
    <foreach close=")" collection="list" item="item" open="(" separator=", ">
      #{item.id,jdbcType=INTEGER}
    </foreach>
  </update>
  <insert id="batchInsert" keyColumn="id" keyProperty="id" parameterType="map" useGeneratedKeys="true">
    <!--@mbg.generated generated on Fri Apr 03 23:10:55 CST 2020.-->
    insert into readurl
    (readUrl, bookNo)
    values
    <foreach collection="list" item="item" separator=",">
      (#{item.readurl,jdbcType=VARCHAR}, #{item.bookno,jdbcType=INTEGER})
    </foreach>
  </insert>
  <insert id="insertOrUpdate" keyColumn="id" keyProperty="id" parameterType="edu.xja.digitallibrary.pojo.Readurl" useGeneratedKeys="true">
    <!--@mbg.generated generated on Fri Apr 03 23:10:55 CST 2020.-->
    insert into readurl
    <trim prefix="(" suffix=")" suffixOverrides=",">
      <if test="id != null">
        id,
      </if>
      readUrl,
      bookNo,
    </trim>
    values
    <trim prefix="(" suffix=")" suffixOverrides=",">
      <if test="id != null">
        #{id,jdbcType=INTEGER},
      </if>
      #{readurl,jdbcType=VARCHAR},
      #{bookno,jdbcType=INTEGER},
    </trim>
    on duplicate key update 
    <trim suffixOverrides=",">
      <if test="id != null">
        id = #{id,jdbcType=INTEGER},
      </if>
      readUrl = #{readurl,jdbcType=VARCHAR},
      bookNo = #{bookno,jdbcType=INTEGER},
    </trim>
  </insert>
  <insert id="insertOrUpdateSelective" keyColumn="id" keyProperty="id" parameterType="edu.xja.digitallibrary.pojo.Readurl" useGeneratedKeys="true">
    <!--@mbg.generated generated on Fri Apr 03 23:10:55 CST 2020.-->
    insert into readurl
    <trim prefix="(" suffix=")" suffixOverrides=",">
      <if test="id != null">
        id,
      </if>
      <if test="readurl != null">
        readUrl,
      </if>
      <if test="bookno != null">
        bookNo,
      </if>
    </trim>
    values
    <trim prefix="(" suffix=")" suffixOverrides=",">
      <if test="id != null">
        #{id,jdbcType=INTEGER},
      </if>
      <if test="readurl != null">
        #{readurl,jdbcType=VARCHAR},
      </if>
      <if test="bookno != null">
        #{bookno,jdbcType=INTEGER},
      </if>
    </trim>
    on duplicate key update 
    <trim suffixOverrides=",">
      <if test="id != null">
        id = #{id,jdbcType=INTEGER},
      </if>
      <if test="readurl != null">
        readUrl = #{readurl,jdbcType=VARCHAR},
      </if>
      <if test="bookno != null">
        bookNo = #{bookno,jdbcType=INTEGER},
      </if>
    </trim>
  </insert>
</mapper>