<?xml version="1.0" encoding="UTF-8"?>
<!DOCTYPE mapper PUBLIC "-//mybatis.org//DTD Mapper 3.0//EN" "http://mybatis.org/dtd/mybatis-3-mapper.dtd">
<mapper namespace="edu.xja.seats.dao.BbsMapper">
  <resultMap id="BaseResultMap" type="edu.xja.seats.pojo.Bbs">
    <!--@mbg.generated generated on Sun Mar 08 19:14:07 CST 2020.-->
    <id column="id" jdbcType="INTEGER" property="id" />
    <result column="title" jdbcType="VARCHAR" property="title" />
    <result column="author" jdbcType="VARCHAR" property="author" />
    <result column="time" jdbcType="VARCHAR" property="time" />
    <result column="reply" jdbcType="INTEGER" property="reply" />
    <result column="lastreply" jdbcType="VARCHAR" property="lastreply" />
    <result column="lastreplytime" jdbcType="VARCHAR" property="lastreplytime" />
  </resultMap>
  <sql id="Base_Column_List">
    <!--@mbg.generated generated on Sun Mar 08 19:14:07 CST 2020.-->
    id, title, author, `time`, reply, lastreply, lastreplytime
  </sql>
  <update id="updateBatch" parameterType="java.util.List">
    <!--@mbg.generated generated on Sun Mar 08 19:14:07 CST 2020.-->
    update bbs
    <trim prefix="set" suffixOverrides=",">
      <trim prefix="title = case" suffix="end,">
        <foreach collection="list" index="index" item="item">
          when id = #{item.id,jdbcType=INTEGER} then #{item.title,jdbcType=VARCHAR}
        </foreach>
      </trim>
      <trim prefix="author = case" suffix="end,">
        <foreach collection="list" index="index" item="item">
          when id = #{item.id,jdbcType=INTEGER} then #{item.author,jdbcType=VARCHAR}
        </foreach>
      </trim>
      <trim prefix="`time` = case" suffix="end,">
        <foreach collection="list" index="index" item="item">
          when id = #{item.id,jdbcType=INTEGER} then #{item.time,jdbcType=VARCHAR}
        </foreach>
      </trim>
      <trim prefix="reply = case" suffix="end,">
        <foreach collection="list" index="index" item="item">
          when id = #{item.id,jdbcType=INTEGER} then #{item.reply,jdbcType=INTEGER}
        </foreach>
      </trim>
      <trim prefix="lastreply = case" suffix="end,">
        <foreach collection="list" index="index" item="item">
          when id = #{item.id,jdbcType=INTEGER} then #{item.lastreply,jdbcType=VARCHAR}
        </foreach>
      </trim>
      <trim prefix="lastreplytime = case" suffix="end,">
        <foreach collection="list" index="index" item="item">
          when id = #{item.id,jdbcType=INTEGER} then #{item.lastreplytime,jdbcType=VARCHAR}
        </foreach>
      </trim>
    </trim>
    where id in
    <foreach close=")" collection="list" item="item" open="(" separator=", ">
      #{item.id,jdbcType=INTEGER}
    </foreach>
  </update>
  <insert id="batchInsert" keyColumn="id" keyProperty="id" parameterType="map" useGeneratedKeys="true">
    <!--@mbg.generated generated on Sun Mar 08 19:14:07 CST 2020.-->
    insert into bbs
    (title, author, `time`, reply, lastreply, lastreplytime)
    values
    <foreach collection="list" item="item" separator=",">
      (#{item.title,jdbcType=VARCHAR}, #{item.author,jdbcType=VARCHAR}, #{item.time,jdbcType=VARCHAR}, 
        #{item.reply,jdbcType=INTEGER}, #{item.lastreply,jdbcType=VARCHAR}, #{item.lastreplytime,jdbcType=VARCHAR}
        )
    </foreach>
  </insert>
  <insert id="insertOrUpdate" keyColumn="id" keyProperty="id" parameterType="edu.xja.seats.pojo.Bbs" useGeneratedKeys="true">
    <!--@mbg.generated generated on Sun Mar 08 19:14:07 CST 2020.-->
    insert into bbs
    <trim prefix="(" suffix=")" suffixOverrides=",">
      <if test="id != null">
        id,
      </if>
      title,
      author,
      `time`,
      reply,
      lastreply,
      lastreplytime,
    </trim>
    values
    <trim prefix="(" suffix=")" suffixOverrides=",">
      <if test="id != null">
        #{id,jdbcType=INTEGER},
      </if>
      #{title,jdbcType=VARCHAR},
      #{author,jdbcType=VARCHAR},
      #{time,jdbcType=VARCHAR},
      #{reply,jdbcType=INTEGER},
      #{lastreply,jdbcType=VARCHAR},
      #{lastreplytime,jdbcType=VARCHAR},
    </trim>
    on duplicate key update 
    <trim suffixOverrides=",">
      <if test="id != null">
        id = #{id,jdbcType=INTEGER},
      </if>
      title = #{title,jdbcType=VARCHAR},
      author = #{author,jdbcType=VARCHAR},
      `time` = #{time,jdbcType=VARCHAR},
      reply = #{reply,jdbcType=INTEGER},
      lastreply = #{lastreply,jdbcType=VARCHAR},
      lastreplytime = #{lastreplytime,jdbcType=VARCHAR},
    </trim>
  </insert>
  <insert id="insertOrUpdateSelective" keyColumn="id" keyProperty="id" parameterType="edu.xja.seats.pojo.Bbs" useGeneratedKeys="true">
    <!--@mbg.generated generated on Sun Mar 08 19:14:07 CST 2020.-->
    insert into bbs
    <trim prefix="(" suffix=")" suffixOverrides=",">
      <if test="id != null">
        id,
      </if>
      <if test="title != null">
        title,
      </if>
      <if test="author != null">
        author,
      </if>
      <if test="time != null">
        `time`,
      </if>
      <if test="reply != null">
        reply,
      </if>
      <if test="lastreply != null">
        lastreply,
      </if>
      <if test="lastreplytime != null">
        lastreplytime,
      </if>
    </trim>
    values
    <trim prefix="(" suffix=")" suffixOverrides=",">
      <if test="id != null">
        #{id,jdbcType=INTEGER},
      </if>
      <if test="title != null">
        #{title,jdbcType=VARCHAR},
      </if>
      <if test="author != null">
        #{author,jdbcType=VARCHAR},
      </if>
      <if test="time != null">
        #{time,jdbcType=VARCHAR},
      </if>
      <if test="reply != null">
        #{reply,jdbcType=INTEGER},
      </if>
      <if test="lastreply != null">
        #{lastreply,jdbcType=VARCHAR},
      </if>
      <if test="lastreplytime != null">
        #{lastreplytime,jdbcType=VARCHAR},
      </if>
    </trim>
    on duplicate key update 
    <trim suffixOverrides=",">
      <if test="id != null">
        id = #{id,jdbcType=INTEGER},
      </if>
      <if test="title != null">
        title = #{title,jdbcType=VARCHAR},
      </if>
      <if test="author != null">
        author = #{author,jdbcType=VARCHAR},
      </if>
      <if test="time != null">
        `time` = #{time,jdbcType=VARCHAR},
      </if>
      <if test="reply != null">
        reply = #{reply,jdbcType=INTEGER},
      </if>
      <if test="lastreply != null">
        lastreply = #{lastreply,jdbcType=VARCHAR},
      </if>
      <if test="lastreplytime != null">
        lastreplytime = #{lastreplytime,jdbcType=VARCHAR},
      </if>
    </trim>
  </insert>
</mapper>