<?xml version="1.0" encoding="UTF-8"?>
<!DOCTYPE mapper PUBLIC "-//mybatis.org//DTD Mapper 3.0//EN" "http://mybatis.org/dtd/mybatis-3-mapper.dtd">
<mapper namespace="edu.xja.seats.dao.BookMapper">
  <resultMap id="BaseResultMap" type="edu.xja.seats.pojo.Book">
    <!--@mbg.generated generated on Sun Mar 08 19:14:07 CST 2020.-->
    <id column="id" jdbcType="INTEGER" property="id" />
    <result column="name" jdbcType="VARCHAR" property="name" />
    <result column="author" jdbcType="VARCHAR" property="author" />
    <result column="publish" jdbcType="VARCHAR" property="publish" />
    <result column="cover" jdbcType="VARCHAR" property="cover" />
    <result column="remarks" jdbcType="VARCHAR" property="remarks" />
  </resultMap>
  <sql id="Base_Column_List">
    <!--@mbg.generated generated on Sun Mar 08 19:14:07 CST 2020.-->
    id, `name`, author, publish, cover, remarks
  </sql>
  <update id="updateBatch" parameterType="java.util.List">
    <!--@mbg.generated generated on Sun Mar 08 19:14:07 CST 2020.-->
    update book
    <trim prefix="set" suffixOverrides=",">
      <trim prefix="`name` = case" suffix="end,">
        <foreach collection="list" index="index" item="item">
          when id = #{item.id,jdbcType=INTEGER} then #{item.name,jdbcType=VARCHAR}
        </foreach>
      </trim>
      <trim prefix="author = case" suffix="end,">
        <foreach collection="list" index="index" item="item">
          when id = #{item.id,jdbcType=INTEGER} then #{item.author,jdbcType=VARCHAR}
        </foreach>
      </trim>
      <trim prefix="publish = case" suffix="end,">
        <foreach collection="list" index="index" item="item">
          when id = #{item.id,jdbcType=INTEGER} then #{item.publish,jdbcType=VARCHAR}
        </foreach>
      </trim>
      <trim prefix="cover = case" suffix="end,">
        <foreach collection="list" index="index" item="item">
          when id = #{item.id,jdbcType=INTEGER} then #{item.cover,jdbcType=VARCHAR}
        </foreach>
      </trim>
      <trim prefix="remarks = case" suffix="end,">
        <foreach collection="list" index="index" item="item">
          when id = #{item.id,jdbcType=INTEGER} then #{item.remarks,jdbcType=VARCHAR}
        </foreach>
      </trim>
    </trim>
    where id in
    <foreach close=")" collection="list" item="item" open="(" separator=", ">
      #{item.id,jdbcType=INTEGER}
    </foreach>
  </update>
  <insert id="batchInsert" keyColumn="id" keyProperty="id" parameterType="map" useGeneratedKeys="true">
    <!--@mbg.generated generated on Sun Mar 08 19:14:07 CST 2020.-->
    insert into book
    (`name`, author, publish, cover, remarks)
    values
    <foreach collection="list" item="item" separator=",">
      (#{item.name,jdbcType=VARCHAR}, #{item.author,jdbcType=VARCHAR}, #{item.publish,jdbcType=VARCHAR}, 
        #{item.cover,jdbcType=VARCHAR}, #{item.remarks,jdbcType=VARCHAR})
    </foreach>
  </insert>
  <insert id="insertOrUpdate" keyColumn="id" keyProperty="id" parameterType="edu.xja.seats.pojo.Book" useGeneratedKeys="true">
    <!--@mbg.generated generated on Sun Mar 08 19:14:07 CST 2020.-->
    insert into book
    <trim prefix="(" suffix=")" suffixOverrides=",">
      <if test="id != null">
        id,
      </if>
      `name`,
      author,
      publish,
      cover,
      remarks,
    </trim>
    values
    <trim prefix="(" suffix=")" suffixOverrides=",">
      <if test="id != null">
        #{id,jdbcType=INTEGER},
      </if>
      #{name,jdbcType=VARCHAR},
      #{author,jdbcType=VARCHAR},
      #{publish,jdbcType=VARCHAR},
      #{cover,jdbcType=VARCHAR},
      #{remarks,jdbcType=VARCHAR},
    </trim>
    on duplicate key update 
    <trim suffixOverrides=",">
      <if test="id != null">
        id = #{id,jdbcType=INTEGER},
      </if>
      `name` = #{name,jdbcType=VARCHAR},
      author = #{author,jdbcType=VARCHAR},
      publish = #{publish,jdbcType=VARCHAR},
      cover = #{cover,jdbcType=VARCHAR},
      remarks = #{remarks,jdbcType=VARCHAR},
    </trim>
  </insert>
  <insert id="insertOrUpdateSelective" keyColumn="id" keyProperty="id" parameterType="edu.xja.seats.pojo.Book" useGeneratedKeys="true">
    <!--@mbg.generated generated on Sun Mar 08 19:14:07 CST 2020.-->
    insert into book
    <trim prefix="(" suffix=")" suffixOverrides=",">
      <if test="id != null">
        id,
      </if>
      <if test="name != null">
        `name`,
      </if>
      <if test="author != null">
        author,
      </if>
      <if test="publish != null">
        publish,
      </if>
      <if test="cover != null">
        cover,
      </if>
      <if test="remarks != null">
        remarks,
      </if>
    </trim>
    values
    <trim prefix="(" suffix=")" suffixOverrides=",">
      <if test="id != null">
        #{id,jdbcType=INTEGER},
      </if>
      <if test="name != null">
        #{name,jdbcType=VARCHAR},
      </if>
      <if test="author != null">
        #{author,jdbcType=VARCHAR},
      </if>
      <if test="publish != null">
        #{publish,jdbcType=VARCHAR},
      </if>
      <if test="cover != null">
        #{cover,jdbcType=VARCHAR},
      </if>
      <if test="remarks != null">
        #{remarks,jdbcType=VARCHAR},
      </if>
    </trim>
    on duplicate key update 
    <trim suffixOverrides=",">
      <if test="id != null">
        id = #{id,jdbcType=INTEGER},
      </if>
      <if test="name != null">
        `name` = #{name,jdbcType=VARCHAR},
      </if>
      <if test="author != null">
        author = #{author,jdbcType=VARCHAR},
      </if>
      <if test="publish != null">
        publish = #{publish,jdbcType=VARCHAR},
      </if>
      <if test="cover != null">
        cover = #{cover,jdbcType=VARCHAR},
      </if>
      <if test="remarks != null">
        remarks = #{remarks,jdbcType=VARCHAR},
      </if>
    </trim>
  </insert>
</mapper>