<?xml version="1.0" encoding="UTF-8"?>
<!DOCTYPE mapper PUBLIC "-//mybatis.org//DTD Mapper 3.0//EN" "http://mybatis.org/dtd/mybatis-3-mapper.dtd">
<mapper namespace="edu.xja.seats.dao.ChoiceMapper">
  <resultMap id="BaseResultMap" type="edu.xja.seats.pojo.Choice">
    <!--@mbg.generated generated on Sun Mar 08 19:14:07 CST 2020.-->
    <id column="id" jdbcType="INTEGER" property="id" />
    <result column="studentno" jdbcType="VARCHAR" property="studentno" />
    <result column="seatkeyword" jdbcType="VARCHAR" property="seatkeyword" />
    <result column="time" jdbcType="VARCHAR" property="time" />
    <result column="status" jdbcType="CHAR" property="status" />
  </resultMap>
  <sql id="Base_Column_List">
    <!--@mbg.generated generated on Sun Mar 08 19:14:07 CST 2020.-->
    id, studentno, seatkeyword, `time`, `status`
  </sql>
  <select id="seleChoice"  parameterType="string"  resultType="Choice" >
    select * from choice where time like concat( CONCAT('%',#{time} ,'%'))
  </select>

  <update id="updateOne" parameterType="edu.xja.seats.pojo.Choice">
    update choice set status=#{status}  where  id=#{id}
  </update>
  <update id="updateBatch" parameterType="java.util.List">
    <!--@mbg.generated generated on Sun Mar 08 19:14:07 CST 2020.-->
    update choice
    <trim prefix="set" suffixOverrides=",">
      <trim prefix="studentno = case" suffix="end,">
        <foreach collection="list" index="index" item="item">
          when id = #{item.id,jdbcType=INTEGER} then #{item.studentno,jdbcType=VARCHAR}
        </foreach>
      </trim>
      <trim prefix="seatkeyword = case" suffix="end,">
        <foreach collection="list" index="index" item="item">
          when id = #{item.id,jdbcType=INTEGER} then #{item.seatkeyword,jdbcType=VARCHAR}
        </foreach>
      </trim>
      <trim prefix="`time` = case" suffix="end,">
        <foreach collection="list" index="index" item="item">
          when id = #{item.id,jdbcType=INTEGER} then #{item.time,jdbcType=VARCHAR}
        </foreach>
      </trim>
      <trim prefix="`status` = case" suffix="end,">
        <foreach collection="list" index="index" item="item">
          when id = #{item.id,jdbcType=INTEGER} then #{item.status,jdbcType=CHAR}
        </foreach>
      </trim>
    </trim>
    where id in
    <foreach close=")" collection="list" item="item" open="(" separator=", ">
      #{item.id,jdbcType=INTEGER}
    </foreach>
  </update>
  <insert id="batchInsert" keyColumn="id" keyProperty="id" parameterType="map" useGeneratedKeys="true">
    <!--@mbg.generated generated on Sun Mar 08 19:14:07 CST 2020.-->
    insert into choice
    (studentno, seatkeyword, `time`, `status`)
    values
    <foreach collection="list" item="item" separator=",">
      (#{item.studentno,jdbcType=VARCHAR}, #{item.seatkeyword,jdbcType=VARCHAR}, #{item.time,jdbcType=VARCHAR}, 
        #{item.status,jdbcType=CHAR})
    </foreach>
  </insert>
  <insert id="insertOrUpdate" keyColumn="id" keyProperty="id" parameterType="edu.xja.seats.pojo.Choice" useGeneratedKeys="true">
    <!--@mbg.generated generated on Sun Mar 08 19:14:07 CST 2020.-->
    insert into choice
    <trim prefix="(" suffix=")" suffixOverrides=",">
      <if test="id != null">
        id,
      </if>
      studentno,
      seatkeyword,
      `time`,
      `status`,
    </trim>
    values
    <trim prefix="(" suffix=")" suffixOverrides=",">
      <if test="id != null">
        #{id,jdbcType=INTEGER},
      </if>
      #{studentno,jdbcType=VARCHAR},
      #{seatkeyword,jdbcType=VARCHAR},
      #{time,jdbcType=VARCHAR},
      #{status,jdbcType=CHAR},
    </trim>
    on duplicate key update 
    <trim suffixOverrides=",">
      <if test="id != null">
        id = #{id,jdbcType=INTEGER},
      </if>
      studentno = #{studentno,jdbcType=VARCHAR},
      seatkeyword = #{seatkeyword,jdbcType=VARCHAR},
      `time` = #{time,jdbcType=VARCHAR},
      `status` = #{status,jdbcType=CHAR},
    </trim>
  </insert>
  <insert id="insertOrUpdateSelective" keyColumn="id" keyProperty="id" parameterType="edu.xja.seats.pojo.Choice" useGeneratedKeys="true">
    <!--@mbg.generated generated on Sun Mar 08 19:14:07 CST 2020.-->
    insert into choice
    <trim prefix="(" suffix=")" suffixOverrides=",">
      <if test="id != null">
        id,
      </if>
      <if test="studentno != null">
        studentno,
      </if>
      <if test="seatkeyword != null">
        seatkeyword,
      </if>
      <if test="time != null">
        `time`,
      </if>
      <if test="status != null">
        `status`,
      </if>
    </trim>
    values
    <trim prefix="(" suffix=")" suffixOverrides=",">
      <if test="id != null">
        #{id,jdbcType=INTEGER},
      </if>
      <if test="studentno != null">
        #{studentno,jdbcType=VARCHAR},
      </if>
      <if test="seatkeyword != null">
        #{seatkeyword,jdbcType=VARCHAR},
      </if>
      <if test="time != null">
        #{time,jdbcType=VARCHAR},
      </if>
      <if test="status != null">
        #{status,jdbcType=CHAR},
      </if>
    </trim>
    on duplicate key update 
    <trim suffixOverrides=",">
      <if test="id != null">
        id = #{id,jdbcType=INTEGER},
      </if>
      <if test="studentno != null">
        studentno = #{studentno,jdbcType=VARCHAR},
      </if>
      <if test="seatkeyword != null">
        seatkeyword = #{seatkeyword,jdbcType=VARCHAR},
      </if>
      <if test="time != null">
        `time` = #{time,jdbcType=VARCHAR},
      </if>
      <if test="status != null">
        `status` = #{status,jdbcType=CHAR},
      </if>
    </trim>
  </insert>
</mapper>