<?xml version="1.0" encoding="UTF-8"?>
<!DOCTYPE mapper PUBLIC "-//mybatis.org//DTD Mapper 3.0//EN" "http://mybatis.org/dtd/mybatis-3-mapper.dtd">
<mapper namespace="edu.xja.seats.dao.ClazzMapper">
  <resultMap id="BaseResultMap" type="edu.xja.seats.pojo.Clazz">
    <!--@mbg.generated generated on Sun Mar 08 19:14:07 CST 2020.-->
    <id column="id" jdbcType="INTEGER" property="id" />
    <result column="xueyuan" jdbcType="VARCHAR" property="xueyuan" />
    <result column="zhuanye" jdbcType="VARCHAR" property="zhuanye" />
    <result column="teacherno" jdbcType="VARCHAR" property="teacherno" />
    <result column="name" jdbcType="VARCHAR" property="name" />
  </resultMap>
  <sql id="Base_Column_List">
    <!--@mbg.generated generated on Sun Mar 08 19:14:07 CST 2020.-->
    id, xueyuan, zhuanye, teacherno, `name`
  </sql>
  <update id="updateBatch" parameterType="java.util.List">
    <!--@mbg.generated generated on Sun Mar 08 19:14:07 CST 2020.-->
    update clazz
    <trim prefix="set" suffixOverrides=",">
      <trim prefix="xueyuan = case" suffix="end,">
        <foreach collection="list" index="index" item="item">
          when id = #{item.id,jdbcType=INTEGER} then #{item.xueyuan,jdbcType=VARCHAR}
        </foreach>
      </trim>
      <trim prefix="zhuanye = case" suffix="end,">
        <foreach collection="list" index="index" item="item">
          when id = #{item.id,jdbcType=INTEGER} then #{item.zhuanye,jdbcType=VARCHAR}
        </foreach>
      </trim>
      <trim prefix="teacherno = case" suffix="end,">
        <foreach collection="list" index="index" item="item">
          when id = #{item.id,jdbcType=INTEGER} then #{item.teacherno,jdbcType=VARCHAR}
        </foreach>
      </trim>
      <trim prefix="`name` = case" suffix="end,">
        <foreach collection="list" index="index" item="item">
          when id = #{item.id,jdbcType=INTEGER} then #{item.name,jdbcType=VARCHAR}
        </foreach>
      </trim>
    </trim>
    where id in
    <foreach close=")" collection="list" item="item" open="(" separator=", ">
      #{item.id,jdbcType=INTEGER}
    </foreach>
  </update>
  <insert id="batchInsert" keyColumn="id" keyProperty="id" parameterType="map" useGeneratedKeys="true">
    <!--@mbg.generated generated on Sun Mar 08 19:14:07 CST 2020.-->
    insert into clazz
    (xueyuan, zhuanye, teacherno, `name`)
    values
    <foreach collection="list" item="item" separator=",">
      (#{item.xueyuan,jdbcType=VARCHAR}, #{item.zhuanye,jdbcType=VARCHAR}, #{item.teacherno,jdbcType=VARCHAR}, 
        #{item.name,jdbcType=VARCHAR})
    </foreach>
  </insert>
  <insert id="insertOrUpdate" keyColumn="id" keyProperty="id" parameterType="edu.xja.seats.pojo.Clazz" useGeneratedKeys="true">
    <!--@mbg.generated generated on Sun Mar 08 19:14:07 CST 2020.-->
    insert into clazz
    <trim prefix="(" suffix=")" suffixOverrides=",">
      <if test="id != null">
        id,
      </if>
      xueyuan,
      zhuanye,
      teacherno,
      `name`,
    </trim>
    values
    <trim prefix="(" suffix=")" suffixOverrides=",">
      <if test="id != null">
        #{id,jdbcType=INTEGER},
      </if>
      #{xueyuan,jdbcType=VARCHAR},
      #{zhuanye,jdbcType=VARCHAR},
      #{teacherno,jdbcType=VARCHAR},
      #{name,jdbcType=VARCHAR},
    </trim>
    on duplicate key update 
    <trim suffixOverrides=",">
      <if test="id != null">
        id = #{id,jdbcType=INTEGER},
      </if>
      xueyuan = #{xueyuan,jdbcType=VARCHAR},
      zhuanye = #{zhuanye,jdbcType=VARCHAR},
      teacherno = #{teacherno,jdbcType=VARCHAR},
      `name` = #{name,jdbcType=VARCHAR},
    </trim>
  </insert>
  <insert id="insertOrUpdateSelective" keyColumn="id" keyProperty="id" parameterType="edu.xja.seats.pojo.Clazz" useGeneratedKeys="true">
    <!--@mbg.generated generated on Sun Mar 08 19:14:07 CST 2020.-->
    insert into clazz
    <trim prefix="(" suffix=")" suffixOverrides=",">
      <if test="id != null">
        id,
      </if>
      <if test="xueyuan != null">
        xueyuan,
      </if>
      <if test="zhuanye != null">
        zhuanye,
      </if>
      <if test="teacherno != null">
        teacherno,
      </if>
      <if test="name != null">
        `name`,
      </if>
    </trim>
    values
    <trim prefix="(" suffix=")" suffixOverrides=",">
      <if test="id != null">
        #{id,jdbcType=INTEGER},
      </if>
      <if test="xueyuan != null">
        #{xueyuan,jdbcType=VARCHAR},
      </if>
      <if test="zhuanye != null">
        #{zhuanye,jdbcType=VARCHAR},
      </if>
      <if test="teacherno != null">
        #{teacherno,jdbcType=VARCHAR},
      </if>
      <if test="name != null">
        #{name,jdbcType=VARCHAR},
      </if>
    </trim>
    on duplicate key update 
    <trim suffixOverrides=",">
      <if test="id != null">
        id = #{id,jdbcType=INTEGER},
      </if>
      <if test="xueyuan != null">
        xueyuan = #{xueyuan,jdbcType=VARCHAR},
      </if>
      <if test="zhuanye != null">
        zhuanye = #{zhuanye,jdbcType=VARCHAR},
      </if>
      <if test="teacherno != null">
        teacherno = #{teacherno,jdbcType=VARCHAR},
      </if>
      <if test="name != null">
        `name` = #{name,jdbcType=VARCHAR},
      </if>
    </trim>
  </insert>
</mapper>