<?xml version="1.0" encoding="UTF-8"?>
<!DOCTYPE mapper PUBLIC "-//mybatis.org//DTD Mapper 3.0//EN" "http://mybatis.org/dtd/mybatis-3-mapper.dtd">
<mapper namespace="edu.xja.seats.dao.IllegalMapper">
  <resultMap id="BaseResultMap" type="edu.xja.seats.pojo.Illegal">
    <!--@mbg.generated generated on Sun Mar 08 19:14:07 CST 2020.-->
    <id column="id" jdbcType="INTEGER" property="id" />
    <result column="studentno" jdbcType="VARCHAR" property="studentno" />
    <result column="time" jdbcType="VARCHAR" property="time" />
    <result column="score" jdbcType="INTEGER" property="score" />
    <result column="remarks" jdbcType="VARCHAR" property="remarks" />
  </resultMap>
  <sql id="Base_Column_List">
    <!--@mbg.generated generated on Sun Mar 08 19:14:07 CST 2020.-->
    id, studentno, `time`, score, remarks
  </sql>
  <update id="illegaSet" parameterType="int">
    UPDATE choice a , score b ,seat c SET  a.`status`=6 ,b.total=b.total-20,  c.studentno='1' WHERE a.studentno=b.studentno AND a.id=#{choiceId}  and  b.studentno=c.studentno
  </update>

  <update id="updateBatch" parameterType="java.util.List">
    <!--@mbg.generated generated on Sun Mar 08 19:14:07 CST 2020.-->
    update illegal
    <trim prefix="set" suffixOverrides=",">
      <trim prefix="studentno = case" suffix="end,">
        <foreach collection="list" index="index" item="item">
          when id = #{item.id,jdbcType=INTEGER} then #{item.studentno,jdbcType=VARCHAR}
        </foreach>
      </trim>
      <trim prefix="`time` = case" suffix="end,">
        <foreach collection="list" index="index" item="item">
          when id = #{item.id,jdbcType=INTEGER} then #{item.time,jdbcType=VARCHAR}
        </foreach>
      </trim>
      <trim prefix="score = case" suffix="end,">
        <foreach collection="list" index="index" item="item">
          when id = #{item.id,jdbcType=INTEGER} then #{item.score,jdbcType=INTEGER}
        </foreach>
      </trim>
      <trim prefix="remarks = case" suffix="end,">
        <foreach collection="list" index="index" item="item">
          when id = #{item.id,jdbcType=INTEGER} then #{item.remarks,jdbcType=VARCHAR}
        </foreach>
      </trim>
    </trim>
    where id in
    <foreach close=")" collection="list" item="item" open="(" separator=", ">
      #{item.id,jdbcType=INTEGER}
    </foreach>
  </update>
  <insert id="batchInsert" keyColumn="id" keyProperty="id" parameterType="map" useGeneratedKeys="true">
    <!--@mbg.generated generated on Sun Mar 08 19:14:07 CST 2020.-->
    insert into illegal
    (studentno, `time`, score, remarks)
    values
    <foreach collection="list" item="item" separator=",">
      (#{item.studentno,jdbcType=VARCHAR}, #{item.time,jdbcType=VARCHAR}, #{item.score,jdbcType=INTEGER}, 
        #{item.remarks,jdbcType=VARCHAR})
    </foreach>
  </insert>
  <insert id="insertOrUpdate" keyColumn="id" keyProperty="id" parameterType="edu.xja.seats.pojo.Illegal" useGeneratedKeys="true">
    <!--@mbg.generated generated on Sun Mar 08 19:14:07 CST 2020.-->
    insert into illegal
    <trim prefix="(" suffix=")" suffixOverrides=",">
      <if test="id != null">
        id,
      </if>
      studentno,
      `time`,
      score,
      remarks,
    </trim>
    values
    <trim prefix="(" suffix=")" suffixOverrides=",">
      <if test="id != null">
        #{id,jdbcType=INTEGER},
      </if>
      #{studentno,jdbcType=VARCHAR},
      #{time,jdbcType=VARCHAR},
      #{score,jdbcType=INTEGER},
      #{remarks,jdbcType=VARCHAR},
    </trim>
    on duplicate key update 
    <trim suffixOverrides=",">
      <if test="id != null">
        id = #{id,jdbcType=INTEGER},
      </if>
      studentno = #{studentno,jdbcType=VARCHAR},
      `time` = #{time,jdbcType=VARCHAR},
      score = #{score,jdbcType=INTEGER},
      remarks = #{remarks,jdbcType=VARCHAR},
    </trim>
  </insert>
  <insert id="insertOrUpdateSelective" keyColumn="id" keyProperty="id" parameterType="edu.xja.seats.pojo.Illegal" useGeneratedKeys="true">
    <!--@mbg.generated generated on Sun Mar 08 19:14:07 CST 2020.-->
    insert into illegal
    <trim prefix="(" suffix=")" suffixOverrides=",">
      <if test="id != null">
        id,
      </if>
      <if test="studentno != null">
        studentno,
      </if>
      <if test="time != null">
        `time`,
      </if>
      <if test="score != null">
        score,
      </if>
      <if test="remarks != null">
        remarks,
      </if>
    </trim>
    values
    <trim prefix="(" suffix=")" suffixOverrides=",">
      <if test="id != null">
        #{id,jdbcType=INTEGER},
      </if>
      <if test="studentno != null">
        #{studentno,jdbcType=VARCHAR},
      </if>
      <if test="time != null">
        #{time,jdbcType=VARCHAR},
      </if>
      <if test="score != null">
        #{score,jdbcType=INTEGER},
      </if>
      <if test="remarks != null">
        #{remarks,jdbcType=VARCHAR},
      </if>
    </trim>
    on duplicate key update 
    <trim suffixOverrides=",">
      <if test="id != null">
        id = #{id,jdbcType=INTEGER},
      </if>
      <if test="studentno != null">
        studentno = #{studentno,jdbcType=VARCHAR},
      </if>
      <if test="time != null">
        `time` = #{time,jdbcType=VARCHAR},
      </if>
      <if test="score != null">
        score = #{score,jdbcType=INTEGER},
      </if>
      <if test="remarks != null">
        remarks = #{remarks,jdbcType=VARCHAR},
      </if>
    </trim>
  </insert>
</mapper>