<?xml version="1.0" encoding="UTF-8"?>
<!DOCTYPE mapper PUBLIC "-//mybatis.org//DTD Mapper 3.0//EN" "http://mybatis.org/dtd/mybatis-3-mapper.dtd">
<mapper namespace="edu.xja.seats.dao.LogMapper">
  <resultMap id="BaseResultMap" type="edu.xja.seats.pojo.Log">
    <!--@mbg.generated generated on Sun Mar 08 19:14:06 CST 2020.-->
    <id column="logId" jdbcType="BIGINT" property="logid" />
    <result column="userName" jdbcType="VARCHAR" property="username" />
    <result column="createTime" jdbcType="VARCHAR" property="createtime" />
    <result column="content" jdbcType="LONGVARCHAR" property="content" />
    <result column="operation" jdbcType="VARCHAR" property="operation" />
    <result column="ip" jdbcType="VARCHAR" property="ip" />
    <result column="module" jdbcType="VARCHAR" property="module" />
  </resultMap>
  <sql id="Base_Column_List">
    <!--@mbg.generated generated on Sun Mar 08 19:14:06 CST 2020.-->
    logId, userName, createTime, content, `operation`, ip, `module`
  </sql>
  <update id="updateBatch" parameterType="java.util.List">
    <!--@mbg.generated generated on Sun Mar 08 19:14:06 CST 2020.-->
    update log
    <trim prefix="set" suffixOverrides=",">
      <trim prefix="userName = case" suffix="end,">
        <foreach collection="list" index="index" item="item">
          when logId = #{item.logid,jdbcType=BIGINT} then #{item.username,jdbcType=VARCHAR}
        </foreach>
      </trim>
      <trim prefix="createTime = case" suffix="end,">
        <foreach collection="list" index="index" item="item">
          when logId = #{item.logid,jdbcType=BIGINT} then #{item.createtime,jdbcType=VARCHAR}
        </foreach>
      </trim>
      <trim prefix="content = case" suffix="end,">
        <foreach collection="list" index="index" item="item">
          when logId = #{item.logid,jdbcType=BIGINT} then #{item.content,jdbcType=LONGVARCHAR}
        </foreach>
      </trim>
      <trim prefix="`operation` = case" suffix="end,">
        <foreach collection="list" index="index" item="item">
          when logId = #{item.logid,jdbcType=BIGINT} then #{item.operation,jdbcType=VARCHAR}
        </foreach>
      </trim>
      <trim prefix="ip = case" suffix="end,">
        <foreach collection="list" index="index" item="item">
          when logId = #{item.logid,jdbcType=BIGINT} then #{item.ip,jdbcType=VARCHAR}
        </foreach>
      </trim>
      <trim prefix="`module` = case" suffix="end,">
        <foreach collection="list" index="index" item="item">
          when logId = #{item.logid,jdbcType=BIGINT} then #{item.module,jdbcType=VARCHAR}
        </foreach>
      </trim>
    </trim>
    where logId in
    <foreach close=")" collection="list" item="item" open="(" separator=", ">
      #{item.logid,jdbcType=BIGINT}
    </foreach>
  </update>
  <insert id="batchInsert" keyColumn="logId" keyProperty="logid" parameterType="map" useGeneratedKeys="true">
    <!--@mbg.generated generated on Sun Mar 08 19:14:06 CST 2020.-->
    insert into log
    (userName, createTime, content, `operation`, ip, `module`)
    values
    <foreach collection="list" item="item" separator=",">
      (#{item.username,jdbcType=VARCHAR}, #{item.createtime,jdbcType=VARCHAR}, #{item.content,jdbcType=LONGVARCHAR}, 
        #{item.operation,jdbcType=VARCHAR}, #{item.ip,jdbcType=VARCHAR}, #{item.module,jdbcType=VARCHAR}
        )
    </foreach>
  </insert>
  <insert id="insertOrUpdate" keyColumn="logId" keyProperty="logid" parameterType="edu.xja.seats.pojo.Log" useGeneratedKeys="true">
    <!--@mbg.generated generated on Sun Mar 08 19:14:06 CST 2020.-->
    insert into log
    <trim prefix="(" suffix=")" suffixOverrides=",">
      <if test="logid != null">
        logId,
      </if>
      userName,
      createTime,
      content,
      `operation`,
      ip,
      `module`,
    </trim>
    values
    <trim prefix="(" suffix=")" suffixOverrides=",">
      <if test="logid != null">
        #{logid,jdbcType=BIGINT},
      </if>
      #{username,jdbcType=VARCHAR},
      #{createtime,jdbcType=VARCHAR},
      #{content,jdbcType=LONGVARCHAR},
      #{operation,jdbcType=VARCHAR},
      #{ip,jdbcType=VARCHAR},
      #{module,jdbcType=VARCHAR},
    </trim>
    on duplicate key update 
    <trim suffixOverrides=",">
      <if test="logid != null">
        logId = #{logid,jdbcType=BIGINT},
      </if>
      userName = #{username,jdbcType=VARCHAR},
      createTime = #{createtime,jdbcType=VARCHAR},
      content = #{content,jdbcType=LONGVARCHAR},
      `operation` = #{operation,jdbcType=VARCHAR},
      ip = #{ip,jdbcType=VARCHAR},
      `module` = #{module,jdbcType=VARCHAR},
    </trim>
  </insert>
  <insert id="insertOrUpdateSelective" keyColumn="logId" keyProperty="logid" parameterType="edu.xja.seats.pojo.Log" useGeneratedKeys="true">
    <!--@mbg.generated generated on Sun Mar 08 19:14:06 CST 2020.-->
    insert into log
    <trim prefix="(" suffix=")" suffixOverrides=",">
      <if test="logid != null">
        logId,
      </if>
      <if test="username != null">
        userName,
      </if>
      <if test="createtime != null">
        createTime,
      </if>
      <if test="content != null">
        content,
      </if>
      <if test="operation != null">
        `operation`,
      </if>
      <if test="ip != null">
        ip,
      </if>
      <if test="module != null">
        `module`,
      </if>
    </trim>
    values
    <trim prefix="(" suffix=")" suffixOverrides=",">
      <if test="logid != null">
        #{logid,jdbcType=BIGINT},
      </if>
      <if test="username != null">
        #{username,jdbcType=VARCHAR},
      </if>
      <if test="createtime != null">
        #{createtime,jdbcType=VARCHAR},
      </if>
      <if test="content != null">
        #{content,jdbcType=LONGVARCHAR},
      </if>
      <if test="operation != null">
        #{operation,jdbcType=VARCHAR},
      </if>
      <if test="ip != null">
        #{ip,jdbcType=VARCHAR},
      </if>
      <if test="module != null">
        #{module,jdbcType=VARCHAR},
      </if>
    </trim>
    on duplicate key update 
    <trim suffixOverrides=",">
      <if test="logid != null">
        logId = #{logid,jdbcType=BIGINT},
      </if>
      <if test="username != null">
        userName = #{username,jdbcType=VARCHAR},
      </if>
      <if test="createtime != null">
        createTime = #{createtime,jdbcType=VARCHAR},
      </if>
      <if test="content != null">
        content = #{content,jdbcType=LONGVARCHAR},
      </if>
      <if test="operation != null">
        `operation` = #{operation,jdbcType=VARCHAR},
      </if>
      <if test="ip != null">
        ip = #{ip,jdbcType=VARCHAR},
      </if>
      <if test="module != null">
        `module` = #{module,jdbcType=VARCHAR},
      </if>
    </trim>
  </insert>
</mapper>