<?xml version="1.0" encoding="UTF-8"?>
<!DOCTYPE mapper PUBLIC "-//mybatis.org//DTD Mapper 3.0//EN" "http://mybatis.org/dtd/mybatis-3-mapper.dtd">
<mapper namespace="edu.xja.seats.dao.MenuMapper">
  <resultMap id="BaseResultMap" type="edu.xja.seats.pojo.Menu">
    <!--@mbg.generated generated on Sun Mar 08 19:14:07 CST 2020.-->
    <id column="menuId" jdbcType="INTEGER" property="menuid" />
    <result column="menuName" jdbcType="VARCHAR" property="menuname" />
    <result column="menuUrl" jdbcType="VARCHAR" property="menuurl" />
    <result column="parentId" jdbcType="INTEGER" property="parentid" />
    <result column="menuDescription" jdbcType="VARCHAR" property="menudescription" />
    <result column="state" jdbcType="VARCHAR" property="state" />
    <result column="iconCls" jdbcType="VARCHAR" property="iconcls" />
    <result column="seq" jdbcType="INTEGER" property="seq" />
  </resultMap>
  <sql id="Base_Column_List">
    <!--@mbg.generated generated on Sun Mar 08 19:14:07 CST 2020.-->
    menuId, menuName, menuUrl, parentId, menuDescription, `state`, iconCls, seq
  </sql>
  <update id="updateBatch" parameterType="java.util.List">
    <!--@mbg.generated generated on Sun Mar 08 19:14:07 CST 2020.-->
    update menu
    <trim prefix="set" suffixOverrides=",">
      <trim prefix="menuName = case" suffix="end,">
        <foreach collection="list" index="index" item="item">
          when menuId = #{item.menuid,jdbcType=INTEGER} then #{item.menuname,jdbcType=VARCHAR}
        </foreach>
      </trim>
      <trim prefix="menuUrl = case" suffix="end,">
        <foreach collection="list" index="index" item="item">
          when menuId = #{item.menuid,jdbcType=INTEGER} then #{item.menuurl,jdbcType=VARCHAR}
        </foreach>
      </trim>
      <trim prefix="parentId = case" suffix="end,">
        <foreach collection="list" index="index" item="item">
          when menuId = #{item.menuid,jdbcType=INTEGER} then #{item.parentid,jdbcType=INTEGER}
        </foreach>
      </trim>
      <trim prefix="menuDescription = case" suffix="end,">
        <foreach collection="list" index="index" item="item">
          when menuId = #{item.menuid,jdbcType=INTEGER} then #{item.menudescription,jdbcType=VARCHAR}
        </foreach>
      </trim>
      <trim prefix="`state` = case" suffix="end,">
        <foreach collection="list" index="index" item="item">
          when menuId = #{item.menuid,jdbcType=INTEGER} then #{item.state,jdbcType=VARCHAR}
        </foreach>
      </trim>
      <trim prefix="iconCls = case" suffix="end,">
        <foreach collection="list" index="index" item="item">
          when menuId = #{item.menuid,jdbcType=INTEGER} then #{item.iconcls,jdbcType=VARCHAR}
        </foreach>
      </trim>
      <trim prefix="seq = case" suffix="end,">
        <foreach collection="list" index="index" item="item">
          when menuId = #{item.menuid,jdbcType=INTEGER} then #{item.seq,jdbcType=INTEGER}
        </foreach>
      </trim>
    </trim>
    where menuId in
    <foreach close=")" collection="list" item="item" open="(" separator=", ">
      #{item.menuid,jdbcType=INTEGER}
    </foreach>
  </update>
  <insert id="batchInsert" keyColumn="menuId" keyProperty="menuid" parameterType="map" useGeneratedKeys="true">
    <!--@mbg.generated generated on Sun Mar 08 19:14:07 CST 2020.-->
    insert into menu
    (menuName, menuUrl, parentId, menuDescription, `state`, iconCls, seq)
    values
    <foreach collection="list" item="item" separator=",">
      (#{item.menuname,jdbcType=VARCHAR}, #{item.menuurl,jdbcType=VARCHAR}, #{item.parentid,jdbcType=INTEGER}, 
        #{item.menudescription,jdbcType=VARCHAR}, #{item.state,jdbcType=VARCHAR}, #{item.iconcls,jdbcType=VARCHAR}, 
        #{item.seq,jdbcType=INTEGER})
    </foreach>
  </insert>
  <insert id="insertOrUpdate" keyColumn="menuId" keyProperty="menuid" parameterType="edu.xja.seats.pojo.Menu" useGeneratedKeys="true">
    <!--@mbg.generated generated on Sun Mar 08 19:14:07 CST 2020.-->
    insert into menu
    <trim prefix="(" suffix=")" suffixOverrides=",">
      <if test="menuid != null">
        menuId,
      </if>
      menuName,
      menuUrl,
      parentId,
      menuDescription,
      `state`,
      iconCls,
      seq,
    </trim>
    values
    <trim prefix="(" suffix=")" suffixOverrides=",">
      <if test="menuid != null">
        #{menuid,jdbcType=INTEGER},
      </if>
      #{menuname,jdbcType=VARCHAR},
      #{menuurl,jdbcType=VARCHAR},
      #{parentid,jdbcType=INTEGER},
      #{menudescription,jdbcType=VARCHAR},
      #{state,jdbcType=VARCHAR},
      #{iconcls,jdbcType=VARCHAR},
      #{seq,jdbcType=INTEGER},
    </trim>
    on duplicate key update 
    <trim suffixOverrides=",">
      <if test="menuid != null">
        menuId = #{menuid,jdbcType=INTEGER},
      </if>
      menuName = #{menuname,jdbcType=VARCHAR},
      menuUrl = #{menuurl,jdbcType=VARCHAR},
      parentId = #{parentid,jdbcType=INTEGER},
      menuDescription = #{menudescription,jdbcType=VARCHAR},
      `state` = #{state,jdbcType=VARCHAR},
      iconCls = #{iconcls,jdbcType=VARCHAR},
      seq = #{seq,jdbcType=INTEGER},
    </trim>
  </insert>
  <insert id="insertOrUpdateSelective" keyColumn="menuId" keyProperty="menuid" parameterType="edu.xja.seats.pojo.Menu" useGeneratedKeys="true">
    <!--@mbg.generated generated on Sun Mar 08 19:14:07 CST 2020.-->
    insert into menu
    <trim prefix="(" suffix=")" suffixOverrides=",">
      <if test="menuid != null">
        menuId,
      </if>
      <if test="menuname != null">
        menuName,
      </if>
      <if test="menuurl != null">
        menuUrl,
      </if>
      <if test="parentid != null">
        parentId,
      </if>
      <if test="menudescription != null">
        menuDescription,
      </if>
      <if test="state != null">
        `state`,
      </if>
      <if test="iconcls != null">
        iconCls,
      </if>
      <if test="seq != null">
        seq,
      </if>
    </trim>
    values
    <trim prefix="(" suffix=")" suffixOverrides=",">
      <if test="menuid != null">
        #{menuid,jdbcType=INTEGER},
      </if>
      <if test="menuname != null">
        #{menuname,jdbcType=VARCHAR},
      </if>
      <if test="menuurl != null">
        #{menuurl,jdbcType=VARCHAR},
      </if>
      <if test="parentid != null">
        #{parentid,jdbcType=INTEGER},
      </if>
      <if test="menudescription != null">
        #{menudescription,jdbcType=VARCHAR},
      </if>
      <if test="state != null">
        #{state,jdbcType=VARCHAR},
      </if>
      <if test="iconcls != null">
        #{iconcls,jdbcType=VARCHAR},
      </if>
      <if test="seq != null">
        #{seq,jdbcType=INTEGER},
      </if>
    </trim>
    on duplicate key update 
    <trim suffixOverrides=",">
      <if test="menuid != null">
        menuId = #{menuid,jdbcType=INTEGER},
      </if>
      <if test="menuname != null">
        menuName = #{menuname,jdbcType=VARCHAR},
      </if>
      <if test="menuurl != null">
        menuUrl = #{menuurl,jdbcType=VARCHAR},
      </if>
      <if test="parentid != null">
        parentId = #{parentid,jdbcType=INTEGER},
      </if>
      <if test="menudescription != null">
        menuDescription = #{menudescription,jdbcType=VARCHAR},
      </if>
      <if test="state != null">
        `state` = #{state,jdbcType=VARCHAR},
      </if>
      <if test="iconcls != null">
        iconCls = #{iconcls,jdbcType=VARCHAR},
      </if>
      <if test="seq != null">
        seq = #{seq,jdbcType=INTEGER},
      </if>
    </trim>
  </insert>
</mapper>