<?xml version="1.0" encoding="UTF-8"?>
<!DOCTYPE mapper PUBLIC "-//mybatis.org//DTD Mapper 3.0//EN" "http://mybatis.org/dtd/mybatis-3-mapper.dtd">
<mapper namespace="edu.xja.seats.dao.NoticeMapper">
  <resultMap id="BaseResultMap" type="edu.xja.seats.pojo.Notice">
    <!--@mbg.generated generated on Sun Mar 08 19:14:07 CST 2020.-->
    <id column="id" jdbcType="INTEGER" property="id" />
    <result column="title" jdbcType="VARCHAR" property="title" />
    <result column="content" jdbcType="LONGVARCHAR" property="content" />
    <result column="time" jdbcType="VARCHAR" property="time" />
  </resultMap>
  <sql id="Base_Column_List">
    <!--@mbg.generated generated on Sun Mar 08 19:14:07 CST 2020.-->
    id, title, content, `time`
  </sql>

  <update id="updateBatch" parameterType="java.util.List">
    <!--@mbg.generated generated on Sun Mar 08 19:14:07 CST 2020.-->
    update notice
    <trim prefix="set" suffixOverrides=",">
      <trim prefix="title = case" suffix="end,">
        <foreach collection="list" index="index" item="item">
          when id = #{item.id,jdbcType=INTEGER} then #{item.title,jdbcType=VARCHAR}
        </foreach>
      </trim>
      <trim prefix="content = case" suffix="end,">
        <foreach collection="list" index="index" item="item">
          when id = #{item.id,jdbcType=INTEGER} then #{item.content,jdbcType=LONGVARCHAR}
        </foreach>
      </trim>
      <trim prefix="`time` = case" suffix="end,">
        <foreach collection="list" index="index" item="item">
          when id = #{item.id,jdbcType=INTEGER} then #{item.time,jdbcType=VARCHAR}
        </foreach>
      </trim>
    </trim>
    where id in
    <foreach close=")" collection="list" item="item" open="(" separator=", ">
      #{item.id,jdbcType=INTEGER}
    </foreach>
  </update>
  <insert id="batchInsert" keyColumn="id" keyProperty="id" parameterType="map" useGeneratedKeys="true">
    <!--@mbg.generated generated on Sun Mar 08 19:14:07 CST 2020.-->
    insert into notice
    (title, content, `time`)
    values
    <foreach collection="list" item="item" separator=",">
      (#{item.title,jdbcType=VARCHAR}, #{item.content,jdbcType=LONGVARCHAR}, #{item.time,jdbcType=VARCHAR}
        )
    </foreach>
  </insert>
  <insert id="insertOrUpdate" keyColumn="id" keyProperty="id" parameterType="edu.xja.seats.pojo.Notice" useGeneratedKeys="true">
    <!--@mbg.generated generated on Sun Mar 08 19:14:07 CST 2020.-->
    insert into notice
    <trim prefix="(" suffix=")" suffixOverrides=",">
      <if test="id != null">
        id,
      </if>
      title,
      content,
      `time`,
    </trim>
    values
    <trim prefix="(" suffix=")" suffixOverrides=",">
      <if test="id != null">
        #{id,jdbcType=INTEGER},
      </if>
      #{title,jdbcType=VARCHAR},
      #{content,jdbcType=LONGVARCHAR},
      #{time,jdbcType=VARCHAR},
    </trim>
    on duplicate key update 
    <trim suffixOverrides=",">
      <if test="id != null">
        id = #{id,jdbcType=INTEGER},
      </if>
      title = #{title,jdbcType=VARCHAR},
      content = #{content,jdbcType=LONGVARCHAR},
      `time` = #{time,jdbcType=VARCHAR},
    </trim>
  </insert>
  <insert id="insertOrUpdateSelective" keyColumn="id" keyProperty="id" parameterType="edu.xja.seats.pojo.Notice" useGeneratedKeys="true">
    <!--@mbg.generated generated on Sun Mar 08 19:14:07 CST 2020.-->
    insert into notice
    <trim prefix="(" suffix=")" suffixOverrides=",">
      <if test="id != null">
        id,
      </if>
      <if test="title != null">
        title,
      </if>
      <if test="content != null">
        content,
      </if>
      <if test="time != null">
        `time`,
      </if>
    </trim>
    values
    <trim prefix="(" suffix=")" suffixOverrides=",">
      <if test="id != null">
        #{id,jdbcType=INTEGER},
      </if>
      <if test="title != null">
        #{title,jdbcType=VARCHAR},
      </if>
      <if test="content != null">
        #{content,jdbcType=LONGVARCHAR},
      </if>
      <if test="time != null">
        #{time,jdbcType=VARCHAR},
      </if>
    </trim>
    on duplicate key update 
    <trim suffixOverrides=",">
      <if test="id != null">
        id = #{id,jdbcType=INTEGER},
      </if>
      <if test="title != null">
        title = #{title,jdbcType=VARCHAR},
      </if>
      <if test="content != null">
        content = #{content,jdbcType=LONGVARCHAR},
      </if>
      <if test="time != null">
        `time` = #{time,jdbcType=VARCHAR},
      </if>
    </trim>
  </insert>
</mapper>