<?xml version="1.0" encoding="UTF-8"?>
<!DOCTYPE mapper PUBLIC "-//mybatis.org//DTD Mapper 3.0//EN" "http://mybatis.org/dtd/mybatis-3-mapper.dtd">
<mapper namespace="edu.xja.seats.dao.OperationMapper">
  <resultMap id="BaseResultMap" type="edu.xja.seats.pojo.Operation">
    <!--@mbg.generated generated on Sun Mar 08 19:14:07 CST 2020.-->
    <id column="operationId" jdbcType="INTEGER" property="operationid" />
    <result column="operationName" jdbcType="VARCHAR" property="operationname" />
    <result column="menuId" jdbcType="INTEGER" property="menuid" />
    <result column="menuName" jdbcType="VARCHAR" property="menuname" />
  </resultMap>
  <sql id="Base_Column_List">
    <!--@mbg.generated generated on Sun Mar 08 19:14:07 CST 2020.-->
    operationId, operationName, menuId, menuName
  </sql>
  <update id="updateBatch" parameterType="java.util.List">
    <!--@mbg.generated generated on Sun Mar 08 19:14:07 CST 2020.-->
    update operation
    <trim prefix="set" suffixOverrides=",">
      <trim prefix="operationName = case" suffix="end,">
        <foreach collection="list" index="index" item="item">
          when operationId = #{item.operationid,jdbcType=INTEGER} then #{item.operationname,jdbcType=VARCHAR}
        </foreach>
      </trim>
      <trim prefix="menuId = case" suffix="end,">
        <foreach collection="list" index="index" item="item">
          when operationId = #{item.operationid,jdbcType=INTEGER} then #{item.menuid,jdbcType=INTEGER}
        </foreach>
      </trim>
      <trim prefix="menuName = case" suffix="end,">
        <foreach collection="list" index="index" item="item">
          when operationId = #{item.operationid,jdbcType=INTEGER} then #{item.menuname,jdbcType=VARCHAR}
        </foreach>
      </trim>
    </trim>
    where operationId in
    <foreach close=")" collection="list" item="item" open="(" separator=", ">
      #{item.operationid,jdbcType=INTEGER}
    </foreach>
  </update>
  <insert id="batchInsert" keyColumn="operationId" keyProperty="operationid" parameterType="map" useGeneratedKeys="true">
    <!--@mbg.generated generated on Sun Mar 08 19:14:07 CST 2020.-->
    insert into operation
    (operationName, menuId, menuName)
    values
    <foreach collection="list" item="item" separator=",">
      (#{item.operationname,jdbcType=VARCHAR}, #{item.menuid,jdbcType=INTEGER}, #{item.menuname,jdbcType=VARCHAR}
        )
    </foreach>
  </insert>
  <insert id="insertOrUpdate" keyColumn="operationId" keyProperty="operationid" parameterType="edu.xja.seats.pojo.Operation" useGeneratedKeys="true">
    <!--@mbg.generated generated on Sun Mar 08 19:14:07 CST 2020.-->
    insert into operation
    <trim prefix="(" suffix=")" suffixOverrides=",">
      <if test="operationid != null">
        operationId,
      </if>
      operationName,
      menuId,
      menuName,
    </trim>
    values
    <trim prefix="(" suffix=")" suffixOverrides=",">
      <if test="operationid != null">
        #{operationid,jdbcType=INTEGER},
      </if>
      #{operationname,jdbcType=VARCHAR},
      #{menuid,jdbcType=INTEGER},
      #{menuname,jdbcType=VARCHAR},
    </trim>
    on duplicate key update 
    <trim suffixOverrides=",">
      <if test="operationid != null">
        operationId = #{operationid,jdbcType=INTEGER},
      </if>
      operationName = #{operationname,jdbcType=VARCHAR},
      menuId = #{menuid,jdbcType=INTEGER},
      menuName = #{menuname,jdbcType=VARCHAR},
    </trim>
  </insert>
  <insert id="insertOrUpdateSelective" keyColumn="operationId" keyProperty="operationid" parameterType="edu.xja.seats.pojo.Operation" useGeneratedKeys="true">
    <!--@mbg.generated generated on Sun Mar 08 19:14:07 CST 2020.-->
    insert into operation
    <trim prefix="(" suffix=")" suffixOverrides=",">
      <if test="operationid != null">
        operationId,
      </if>
      <if test="operationname != null">
        operationName,
      </if>
      <if test="menuid != null">
        menuId,
      </if>
      <if test="menuname != null">
        menuName,
      </if>
    </trim>
    values
    <trim prefix="(" suffix=")" suffixOverrides=",">
      <if test="operationid != null">
        #{operationid,jdbcType=INTEGER},
      </if>
      <if test="operationname != null">
        #{operationname,jdbcType=VARCHAR},
      </if>
      <if test="menuid != null">
        #{menuid,jdbcType=INTEGER},
      </if>
      <if test="menuname != null">
        #{menuname,jdbcType=VARCHAR},
      </if>
    </trim>
    on duplicate key update 
    <trim suffixOverrides=",">
      <if test="operationid != null">
        operationId = #{operationid,jdbcType=INTEGER},
      </if>
      <if test="operationname != null">
        operationName = #{operationname,jdbcType=VARCHAR},
      </if>
      <if test="menuid != null">
        menuId = #{menuid,jdbcType=INTEGER},
      </if>
      <if test="menuname != null">
        menuName = #{menuname,jdbcType=VARCHAR},
      </if>
    </trim>
  </insert>
</mapper>