<?xml version="1.0" encoding="UTF-8"?>
<!DOCTYPE mapper PUBLIC "-//mybatis.org//DTD Mapper 3.0//EN" "http://mybatis.org/dtd/mybatis-3-mapper.dtd">
<mapper namespace="edu.xja.seats.dao.RoleMapper">
  <resultMap id="BaseResultMap" type="edu.xja.seats.pojo.Role">
    <!--@mbg.generated generated on Sun Mar 08 19:14:06 CST 2020.-->
    <id column="roleId" jdbcType="INTEGER" property="roleid" />
    <result column="roleName" jdbcType="VARCHAR" property="rolename" />
    <result column="menuIds" jdbcType="VARCHAR" property="menuids" />
    <result column="operationIds" jdbcType="VARCHAR" property="operationids" />
    <result column="roleDescription" jdbcType="VARCHAR" property="roledescription" />
  </resultMap>
  <sql id="Base_Column_List">
    <!--@mbg.generated generated on Sun Mar 08 19:14:06 CST 2020.-->
    roleId, roleName, menuIds, operationIds, roleDescription
  </sql>
  <update id="updateBatch" parameterType="java.util.List">
    <!--@mbg.generated generated on Sun Mar 08 19:14:06 CST 2020.-->
    update role
    <trim prefix="set" suffixOverrides=",">
      <trim prefix="roleName = case" suffix="end,">
        <foreach collection="list" index="index" item="item">
          when roleId = #{item.roleid,jdbcType=INTEGER} then #{item.rolename,jdbcType=VARCHAR}
        </foreach>
      </trim>
      <trim prefix="menuIds = case" suffix="end,">
        <foreach collection="list" index="index" item="item">
          when roleId = #{item.roleid,jdbcType=INTEGER} then #{item.menuids,jdbcType=VARCHAR}
        </foreach>
      </trim>
      <trim prefix="operationIds = case" suffix="end,">
        <foreach collection="list" index="index" item="item">
          when roleId = #{item.roleid,jdbcType=INTEGER} then #{item.operationids,jdbcType=VARCHAR}
        </foreach>
      </trim>
      <trim prefix="roleDescription = case" suffix="end,">
        <foreach collection="list" index="index" item="item">
          when roleId = #{item.roleid,jdbcType=INTEGER} then #{item.roledescription,jdbcType=VARCHAR}
        </foreach>
      </trim>
    </trim>
    where roleId in
    <foreach close=")" collection="list" item="item" open="(" separator=", ">
      #{item.roleid,jdbcType=INTEGER}
    </foreach>
  </update>
  <insert id="batchInsert" keyColumn="roleId" keyProperty="roleid" parameterType="map" useGeneratedKeys="true">
    <!--@mbg.generated generated on Sun Mar 08 19:14:06 CST 2020.-->
    insert into role
    (roleName, menuIds, operationIds, roleDescription)
    values
    <foreach collection="list" item="item" separator=",">
      (#{item.rolename,jdbcType=VARCHAR}, #{item.menuids,jdbcType=VARCHAR}, #{item.operationids,jdbcType=VARCHAR}, 
        #{item.roledescription,jdbcType=VARCHAR})
    </foreach>
  </insert>
  <insert id="insertOrUpdate" keyColumn="roleId" keyProperty="roleid" parameterType="edu.xja.seats.pojo.Role" useGeneratedKeys="true">
    <!--@mbg.generated generated on Sun Mar 08 19:14:06 CST 2020.-->
    insert into role
    <trim prefix="(" suffix=")" suffixOverrides=",">
      <if test="roleid != null">
        roleId,
      </if>
      roleName,
      menuIds,
      operationIds,
      roleDescription,
    </trim>
    values
    <trim prefix="(" suffix=")" suffixOverrides=",">
      <if test="roleid != null">
        #{roleid,jdbcType=INTEGER},
      </if>
      #{rolename,jdbcType=VARCHAR},
      #{menuids,jdbcType=VARCHAR},
      #{operationids,jdbcType=VARCHAR},
      #{roledescription,jdbcType=VARCHAR},
    </trim>
    on duplicate key update 
    <trim suffixOverrides=",">
      <if test="roleid != null">
        roleId = #{roleid,jdbcType=INTEGER},
      </if>
      roleName = #{rolename,jdbcType=VARCHAR},
      menuIds = #{menuids,jdbcType=VARCHAR},
      operationIds = #{operationids,jdbcType=VARCHAR},
      roleDescription = #{roledescription,jdbcType=VARCHAR},
    </trim>
  </insert>
  <insert id="insertOrUpdateSelective" keyColumn="roleId" keyProperty="roleid" parameterType="edu.xja.seats.pojo.Role" useGeneratedKeys="true">
    <!--@mbg.generated generated on Sun Mar 08 19:14:06 CST 2020.-->
    insert into role
    <trim prefix="(" suffix=")" suffixOverrides=",">
      <if test="roleid != null">
        roleId,
      </if>
      <if test="rolename != null">
        roleName,
      </if>
      <if test="menuids != null">
        menuIds,
      </if>
      <if test="operationids != null">
        operationIds,
      </if>
      <if test="roledescription != null">
        roleDescription,
      </if>
    </trim>
    values
    <trim prefix="(" suffix=")" suffixOverrides=",">
      <if test="roleid != null">
        #{roleid,jdbcType=INTEGER},
      </if>
      <if test="rolename != null">
        #{rolename,jdbcType=VARCHAR},
      </if>
      <if test="menuids != null">
        #{menuids,jdbcType=VARCHAR},
      </if>
      <if test="operationids != null">
        #{operationids,jdbcType=VARCHAR},
      </if>
      <if test="roledescription != null">
        #{roledescription,jdbcType=VARCHAR},
      </if>
    </trim>
    on duplicate key update 
    <trim suffixOverrides=",">
      <if test="roleid != null">
        roleId = #{roleid,jdbcType=INTEGER},
      </if>
      <if test="rolename != null">
        roleName = #{rolename,jdbcType=VARCHAR},
      </if>
      <if test="menuids != null">
        menuIds = #{menuids,jdbcType=VARCHAR},
      </if>
      <if test="operationids != null">
        operationIds = #{operationids,jdbcType=VARCHAR},
      </if>
      <if test="roledescription != null">
        roleDescription = #{roledescription,jdbcType=VARCHAR},
      </if>
    </trim>
  </insert>
</mapper>