<?xml version="1.0" encoding="UTF-8"?>
<!DOCTYPE mapper PUBLIC "-//mybatis.org//DTD Mapper 3.0//EN" "http://mybatis.org/dtd/mybatis-3-mapper.dtd">
<mapper namespace="edu.xja.seats.dao.RoomMapper">
  <resultMap id="BaseResultMap" type="edu.xja.seats.pojo.Room">
    <!--@mbg.generated generated on Sun Mar 08 19:14:07 CST 2020.-->
    <id column="id" jdbcType="INTEGER" property="id" />
    <result column="typeid" jdbcType="INTEGER" property="typeid" />
    <result column="name" jdbcType="VARCHAR" property="name" />
    <result column="row" jdbcType="INTEGER" property="row" />
    <result column="col" jdbcType="INTEGER" property="col" />
    <result column="total" jdbcType="INTEGER" property="total" />
  </resultMap>
  <sql id="Base_Column_List">
    <!--@mbg.generated generated on Sun Mar 08 19:14:07 CST 2020.-->
    id, typeid, `name`, `row`, col, total
  </sql>
  <update id="updateBatch" parameterType="java.util.List">
    <!--@mbg.generated generated on Sun Mar 08 19:14:07 CST 2020.-->
    update room
    <trim prefix="set" suffixOverrides=",">
      <trim prefix="typeid = case" suffix="end,">
        <foreach collection="list" index="index" item="item">
          when id = #{item.id,jdbcType=INTEGER} then #{item.typeid,jdbcType=INTEGER}
        </foreach>
      </trim>
      <trim prefix="`name` = case" suffix="end,">
        <foreach collection="list" index="index" item="item">
          when id = #{item.id,jdbcType=INTEGER} then #{item.name,jdbcType=VARCHAR}
        </foreach>
      </trim>
      <trim prefix="`row` = case" suffix="end,">
        <foreach collection="list" index="index" item="item">
          when id = #{item.id,jdbcType=INTEGER} then #{item.row,jdbcType=INTEGER}
        </foreach>
      </trim>
      <trim prefix="col = case" suffix="end,">
        <foreach collection="list" index="index" item="item">
          when id = #{item.id,jdbcType=INTEGER} then #{item.col,jdbcType=INTEGER}
        </foreach>
      </trim>
      <trim prefix="total = case" suffix="end,">
        <foreach collection="list" index="index" item="item">
          when id = #{item.id,jdbcType=INTEGER} then #{item.total,jdbcType=INTEGER}
        </foreach>
      </trim>
    </trim>
    where id in
    <foreach close=")" collection="list" item="item" open="(" separator=", ">
      #{item.id,jdbcType=INTEGER}
    </foreach>
  </update>
  <insert id="batchInsert" keyColumn="id" keyProperty="id" parameterType="map" useGeneratedKeys="true">
    <!--@mbg.generated generated on Sun Mar 08 19:14:07 CST 2020.-->
    insert into room
    (typeid, `name`, `row`, col, total)
    values
    <foreach collection="list" item="item" separator=",">
      (#{item.typeid,jdbcType=INTEGER}, #{item.name,jdbcType=VARCHAR}, #{item.row,jdbcType=INTEGER}, 
        #{item.col,jdbcType=INTEGER}, #{item.total,jdbcType=INTEGER})
    </foreach>
  </insert>
  <insert id="insertOrUpdate" keyColumn="id" keyProperty="id" parameterType="edu.xja.seats.pojo.Room" useGeneratedKeys="true">
    <!--@mbg.generated generated on Sun Mar 08 19:14:07 CST 2020.-->
    insert into room
    <trim prefix="(" suffix=")" suffixOverrides=",">
      <if test="id != null">
        id,
      </if>
      typeid,
      `name`,
      `row`,
      col,
      total,
    </trim>
    values
    <trim prefix="(" suffix=")" suffixOverrides=",">
      <if test="id != null">
        #{id,jdbcType=INTEGER},
      </if>
      #{typeid,jdbcType=INTEGER},
      #{name,jdbcType=VARCHAR},
      #{row,jdbcType=INTEGER},
      #{col,jdbcType=INTEGER},
      #{total,jdbcType=INTEGER},
    </trim>
    on duplicate key update 
    <trim suffixOverrides=",">
      <if test="id != null">
        id = #{id,jdbcType=INTEGER},
      </if>
      typeid = #{typeid,jdbcType=INTEGER},
      `name` = #{name,jdbcType=VARCHAR},
      `row` = #{row,jdbcType=INTEGER},
      col = #{col,jdbcType=INTEGER},
      total = #{total,jdbcType=INTEGER},
    </trim>
  </insert>
  <insert id="insertOrUpdateSelective" keyColumn="id" keyProperty="id" parameterType="edu.xja.seats.pojo.Room" useGeneratedKeys="true">
    <!--@mbg.generated generated on Sun Mar 08 19:14:07 CST 2020.-->
    insert into room
    <trim prefix="(" suffix=")" suffixOverrides=",">
      <if test="id != null">
        id,
      </if>
      <if test="typeid != null">
        typeid,
      </if>
      <if test="name != null">
        `name`,
      </if>
      <if test="row != null">
        `row`,
      </if>
      <if test="col != null">
        col,
      </if>
      <if test="total != null">
        total,
      </if>
    </trim>
    values
    <trim prefix="(" suffix=")" suffixOverrides=",">
      <if test="id != null">
        #{id,jdbcType=INTEGER},
      </if>
      <if test="typeid != null">
        #{typeid,jdbcType=INTEGER},
      </if>
      <if test="name != null">
        #{name,jdbcType=VARCHAR},
      </if>
      <if test="row != null">
        #{row,jdbcType=INTEGER},
      </if>
      <if test="col != null">
        #{col,jdbcType=INTEGER},
      </if>
      <if test="total != null">
        #{total,jdbcType=INTEGER},
      </if>
    </trim>
    on duplicate key update 
    <trim suffixOverrides=",">
      <if test="id != null">
        id = #{id,jdbcType=INTEGER},
      </if>
      <if test="typeid != null">
        typeid = #{typeid,jdbcType=INTEGER},
      </if>
      <if test="name != null">
        `name` = #{name,jdbcType=VARCHAR},
      </if>
      <if test="row != null">
        `row` = #{row,jdbcType=INTEGER},
      </if>
      <if test="col != null">
        col = #{col,jdbcType=INTEGER},
      </if>
      <if test="total != null">
        total = #{total,jdbcType=INTEGER},
      </if>
    </trim>
  </insert>
  <select id="findRoomScore"  parameterType="int" resultType="int">
    SELECT score from type WHERE  id=#{typeId}
  </select>
</mapper>