<?xml version="1.0" encoding="UTF-8"?>
<!DOCTYPE mapper PUBLIC "-//mybatis.org//DTD Mapper 3.0//EN" "http://mybatis.org/dtd/mybatis-3-mapper.dtd">
<mapper namespace="edu.xja.seats.dao.ScoreMapper">
  <resultMap id="BaseResultMap" type="edu.xja.seats.pojo.Score">
    <!--@mbg.generated generated on Sun Mar 08 19:14:07 CST 2020.-->
    <id column="id" jdbcType="INTEGER" property="id" />
    <result column="studentno" jdbcType="VARCHAR" property="studentno" />
    <result column="studentname" jdbcType="VARCHAR" property="studentname" />
    <result column="total" jdbcType="INTEGER" property="total" />
  </resultMap>
  <sql id="Base_Column_List">
    <!--@mbg.generated generated on Sun Mar 08 19:14:07 CST 2020.-->
    id, studentno, studentname, total
  </sql>
  <update id="updateBatch" parameterType="java.util.List">
    <!--@mbg.generated generated on Sun Mar 08 19:14:07 CST 2020.-->
    update score
    <trim prefix="set" suffixOverrides=",">
      <trim prefix="studentno = case" suffix="end,">
        <foreach collection="list" index="index" item="item">
          when id = #{item.id,jdbcType=INTEGER} then #{item.studentno,jdbcType=VARCHAR}
        </foreach>
      </trim>
      <trim prefix="studentname = case" suffix="end,">
        <foreach collection="list" index="index" item="item">
          when id = #{item.id,jdbcType=INTEGER} then #{item.studentname,jdbcType=VARCHAR}
        </foreach>
      </trim>
      <trim prefix="total = case" suffix="end,">
        <foreach collection="list" index="index" item="item">
          when id = #{item.id,jdbcType=INTEGER} then #{item.total,jdbcType=INTEGER}
        </foreach>
      </trim>
    </trim>
    where id in
    <foreach close=")" collection="list" item="item" open="(" separator=", ">
      #{item.id,jdbcType=INTEGER}
    </foreach>
  </update>
  <insert id="batchInsert" keyColumn="id" keyProperty="id" parameterType="map" useGeneratedKeys="true">
    <!--@mbg.generated generated on Sun Mar 08 19:14:07 CST 2020.-->
    insert into score
    (studentno, studentname, total)
    values
    <foreach collection="list" item="item" separator=",">
      (#{item.studentno,jdbcType=VARCHAR}, #{item.studentname,jdbcType=VARCHAR}, #{item.total,jdbcType=INTEGER}
        )
    </foreach>
  </insert>
  <insert id="insertOrUpdate" keyColumn="id" keyProperty="id" parameterType="edu.xja.seats.pojo.Score" useGeneratedKeys="true">
    <!--@mbg.generated generated on Sun Mar 08 19:14:07 CST 2020.-->
    insert into score
    <trim prefix="(" suffix=")" suffixOverrides=",">
      <if test="id != null">
        id,
      </if>
      studentno,
      studentname,
      total,
    </trim>
    values
    <trim prefix="(" suffix=")" suffixOverrides=",">
      <if test="id != null">
        #{id,jdbcType=INTEGER},
      </if>
      #{studentno,jdbcType=VARCHAR},
      #{studentname,jdbcType=VARCHAR},
      #{total,jdbcType=INTEGER},
    </trim>
    on duplicate key update 
    <trim suffixOverrides=",">
      <if test="id != null">
        id = #{id,jdbcType=INTEGER},
      </if>
      studentno = #{studentno,jdbcType=VARCHAR},
      studentname = #{studentname,jdbcType=VARCHAR},
      total = #{total,jdbcType=INTEGER},
    </trim>
  </insert>
  <insert id="insertOrUpdateSelective" keyColumn="id" keyProperty="id" parameterType="edu.xja.seats.pojo.Score" useGeneratedKeys="true">
    <!--@mbg.generated generated on Sun Mar 08 19:14:07 CST 2020.-->
    insert into score
    <trim prefix="(" suffix=")" suffixOverrides=",">
      <if test="id != null">
        id,
      </if>
      <if test="studentno != null">
        studentno,
      </if>
      <if test="studentname != null">
        studentname,
      </if>
      <if test="total != null">
        total,
      </if>
    </trim>
    values
    <trim prefix="(" suffix=")" suffixOverrides=",">
      <if test="id != null">
        #{id,jdbcType=INTEGER},
      </if>
      <if test="studentno != null">
        #{studentno,jdbcType=VARCHAR},
      </if>
      <if test="studentname != null">
        #{studentname,jdbcType=VARCHAR},
      </if>
      <if test="total != null">
        #{total,jdbcType=INTEGER},
      </if>
    </trim>
    on duplicate key update 
    <trim suffixOverrides=",">
      <if test="id != null">
        id = #{id,jdbcType=INTEGER},
      </if>
      <if test="studentno != null">
        studentno = #{studentno,jdbcType=VARCHAR},
      </if>
      <if test="studentname != null">
        studentname = #{studentname,jdbcType=VARCHAR},
      </if>
      <if test="total != null">
        total = #{total,jdbcType=INTEGER},
      </if>
    </trim>
  </insert>
</mapper>