<?xml version="1.0" encoding="UTF-8"?>
<!DOCTYPE mapper PUBLIC "-//mybatis.org//DTD Mapper 3.0//EN" "http://mybatis.org/dtd/mybatis-3-mapper.dtd">
<mapper namespace="edu.xja.seats.dao.SeatMapper">
  <resultMap id="BaseResultMap" type="edu.xja.seats.pojo.Seat">
    <!--@mbg.generated generated on Sun Mar 08 19:14:07 CST 2020.-->
    <id column="id" jdbcType="INTEGER" property="id" />
    <result column="roomid" jdbcType="INTEGER" property="roomid" />
    <result column="row" jdbcType="INTEGER" property="row" />
    <result column="col" jdbcType="INTEGER" property="col" />
    <result column="studentno" jdbcType="VARCHAR" property="studentno" />
    <result column="time" jdbcType="VARCHAR" property="time" />
    <result column="date" jdbcType="VARCHAR" property="date" />
    <result column="keyword" jdbcType="VARCHAR" property="keyword" />
  </resultMap>
  <sql id="Base_Column_List">
    <!--@mbg.generated generated on Sun Mar 08 19:14:07 CST 2020.-->
    id, roomid, `row`, col, studentno, `time`, `date`, keyword
  </sql>
  <update id="cancelSeat" parameterType="string">
    update seat set studentno =1 where studentno = #{studentno}
  </update>
  <update id="updateSeatED">
      update  seat set  studentno=1
  </update>

  <update id="updateBatch" parameterType="java.util.List">
    <!--@mbg.generated generated on Sun Mar 08 19:14:07 CST 2020.-->
    update seat
    <trim prefix="set" suffixOverrides=",">
      <trim prefix="roomid = case" suffix="end,">
        <foreach collection="list" index="index" item="item">
          when id = #{item.id,jdbcType=INTEGER} then #{item.roomid,jdbcType=INTEGER}
        </foreach>
      </trim>
      <trim prefix="`row` = case" suffix="end,">
        <foreach collection="list" index="index" item="item">
          when id = #{item.id,jdbcType=INTEGER} then #{item.row,jdbcType=INTEGER}
        </foreach>
      </trim>
      <trim prefix="col = case" suffix="end,">
        <foreach collection="list" index="index" item="item">
          when id = #{item.id,jdbcType=INTEGER} then #{item.col,jdbcType=INTEGER}
        </foreach>
      </trim>
      <trim prefix="studentno = case" suffix="end,">
        <foreach collection="list" index="index" item="item">
          when id = #{item.id,jdbcType=INTEGER} then #{item.studentno,jdbcType=VARCHAR}
        </foreach>
      </trim>
      <trim prefix="`time` = case" suffix="end,">
        <foreach collection="list" index="index" item="item">
          when id = #{item.id,jdbcType=INTEGER} then #{item.time,jdbcType=VARCHAR}
        </foreach>
      </trim>
      <trim prefix="`date` = case" suffix="end,">
        <foreach collection="list" index="index" item="item">
          when id = #{item.id,jdbcType=INTEGER} then #{item.date,jdbcType=VARCHAR}
        </foreach>
      </trim>
      <trim prefix="keyword = case" suffix="end,">
        <foreach collection="list" index="index" item="item">
          when id = #{item.id,jdbcType=INTEGER} then #{item.keyword,jdbcType=VARCHAR}
        </foreach>
      </trim>
    </trim>
    where id in
    <foreach close=")" collection="list" item="item" open="(" separator=", ">
      #{item.id,jdbcType=INTEGER}
    </foreach>
  </update>
  <insert id="batchInsert" keyColumn="id" keyProperty="id" parameterType="map" useGeneratedKeys="true">
    <!--@mbg.generated generated on Sun Mar 08 19:14:07 CST 2020.-->
    insert into seat
    (roomid, `row`, col, studentno, `time`, `date`, keyword)
    values
    <foreach collection="list" item="item" separator=",">
      (#{item.roomid,jdbcType=INTEGER}, #{item.row,jdbcType=INTEGER}, #{item.col,jdbcType=INTEGER}, 
        #{item.studentno,jdbcType=VARCHAR}, #{item.time,jdbcType=VARCHAR}, #{item.date,jdbcType=VARCHAR}, 
        #{item.keyword,jdbcType=VARCHAR})
    </foreach>
  </insert>
  <insert id="insertOrUpdate" keyColumn="id" keyProperty="id" parameterType="edu.xja.seats.pojo.Seat" useGeneratedKeys="true">
    <!--@mbg.generated generated on Sun Mar 08 19:14:07 CST 2020.-->
    insert into seat
    <trim prefix="(" suffix=")" suffixOverrides=",">
      <if test="id != null">
        id,
      </if>
      roomid,
      `row`,
      col,
      studentno,
      `time`,
      `date`,
      keyword,
    </trim>
    values
    <trim prefix="(" suffix=")" suffixOverrides=",">
      <if test="id != null">
        #{id,jdbcType=INTEGER},
      </if>
      #{roomid,jdbcType=INTEGER},
      #{row,jdbcType=INTEGER},
      #{col,jdbcType=INTEGER},
      #{studentno,jdbcType=VARCHAR},
      #{time,jdbcType=VARCHAR},
      #{date,jdbcType=VARCHAR},
      #{keyword,jdbcType=VARCHAR},
    </trim>
    on duplicate key update 
    <trim suffixOverrides=",">
      <if test="id != null">
        id = #{id,jdbcType=INTEGER},
      </if>
      roomid = #{roomid,jdbcType=INTEGER},
      `row` = #{row,jdbcType=INTEGER},
      col = #{col,jdbcType=INTEGER},
      studentno = #{studentno,jdbcType=VARCHAR},
      `time` = #{time,jdbcType=VARCHAR},
      `date` = #{date,jdbcType=VARCHAR},
      keyword = #{keyword,jdbcType=VARCHAR},
    </trim>
  </insert>
  <insert id="insertOrUpdateSelective" keyColumn="id" keyProperty="id" parameterType="edu.xja.seats.pojo.Seat" useGeneratedKeys="true">
    <!--@mbg.generated generated on Sun Mar 08 19:14:07 CST 2020.-->
    insert into seat
    <trim prefix="(" suffix=")" suffixOverrides=",">
      <if test="id != null">
        id,
      </if>
      <if test="roomid != null">
        roomid,
      </if>
      <if test="row != null">
        `row`,
      </if>
      <if test="col != null">
        col,
      </if>
      <if test="studentno != null">
        studentno,
      </if>
      <if test="time != null">
        `time`,
      </if>
      <if test="date != null">
        `date`,
      </if>
      <if test="keyword != null">
        keyword,
      </if>
    </trim>
    values
    <trim prefix="(" suffix=")" suffixOverrides=",">
      <if test="id != null">
        #{id,jdbcType=INTEGER},
      </if>
      <if test="roomid != null">
        #{roomid,jdbcType=INTEGER},
      </if>
      <if test="row != null">
        #{row,jdbcType=INTEGER},
      </if>
      <if test="col != null">
        #{col,jdbcType=INTEGER},
      </if>
      <if test="studentno != null">
        #{studentno,jdbcType=VARCHAR},
      </if>
      <if test="time != null">
        #{time,jdbcType=VARCHAR},
      </if>
      <if test="date != null">
        #{date,jdbcType=VARCHAR},
      </if>
      <if test="keyword != null">
        #{keyword,jdbcType=VARCHAR},
      </if>
    </trim>
    on duplicate key update 
    <trim suffixOverrides=",">
      <if test="id != null">
        id = #{id,jdbcType=INTEGER},
      </if>
      <if test="roomid != null">
        roomid = #{roomid,jdbcType=INTEGER},
      </if>
      <if test="row != null">
        `row` = #{row,jdbcType=INTEGER},
      </if>
      <if test="col != null">
        col = #{col,jdbcType=INTEGER},
      </if>
      <if test="studentno != null">
        studentno = #{studentno,jdbcType=VARCHAR},
      </if>
      <if test="time != null">
        `time` = #{time,jdbcType=VARCHAR},
      </if>
      <if test="date != null">
        `date` = #{date,jdbcType=VARCHAR},
      </if>
      <if test="keyword != null">
        keyword = #{keyword,jdbcType=VARCHAR},
      </if>
    </trim>
  </insert>
</mapper>