<?xml version="1.0" encoding="UTF-8"?>
<!DOCTYPE mapper PUBLIC "-//mybatis.org//DTD Mapper 3.0//EN" "http://mybatis.org/dtd/mybatis-3-mapper.dtd">
<mapper namespace="edu.xja.seats.dao.StudentMapper">
  <resultMap id="BaseResultMap" type="edu.xja.seats.pojo.Student">
    <!--@mbg.generated generated on Sun Mar 08 19:14:06 CST 2020.-->
    <id column="id" jdbcType="INTEGER" property="id" />
    <result column="no" jdbcType="VARCHAR" property="no" />
    <result column="name" jdbcType="VARCHAR" property="name" />
    <result column="sex" jdbcType="VARCHAR" property="sex" />
    <result column="clazzid" jdbcType="INTEGER" property="clazzid" />
    <result column="birth" jdbcType="VARCHAR" property="birth" />
    <result column="phone" jdbcType="VARCHAR" property="phone" />
    <result column="mail" jdbcType="VARCHAR" property="mail" />
    <result column="photo" jdbcType="VARCHAR" property="photo" />
  </resultMap>
  <sql id="Base_Column_List">
    <!--@mbg.generated generated on Sun Mar 08 19:14:06 CST 2020.-->
    id, `no`, `name`, sex, clazzid, birth, phone, mail, photo
  </sql>
  <update id="updateBatch" parameterType="java.util.List">
    <!--@mbg.generated generated on Sun Mar 08 19:14:06 CST 2020.-->
    update student
    <trim prefix="set" suffixOverrides=",">
      <trim prefix="`no` = case" suffix="end,">
        <foreach collection="list" index="index" item="item">
          when id = #{item.id,jdbcType=INTEGER} then #{item.no,jdbcType=VARCHAR}
        </foreach>
      </trim>
      <trim prefix="`name` = case" suffix="end,">
        <foreach collection="list" index="index" item="item">
          when id = #{item.id,jdbcType=INTEGER} then #{item.name,jdbcType=VARCHAR}
        </foreach>
      </trim>
      <trim prefix="sex = case" suffix="end,">
        <foreach collection="list" index="index" item="item">
          when id = #{item.id,jdbcType=INTEGER} then #{item.sex,jdbcType=VARCHAR}
        </foreach>
      </trim>
      <trim prefix="clazzid = case" suffix="end,">
        <foreach collection="list" index="index" item="item">
          when id = #{item.id,jdbcType=INTEGER} then #{item.clazzid,jdbcType=INTEGER}
        </foreach>
      </trim>
      <trim prefix="birth = case" suffix="end,">
        <foreach collection="list" index="index" item="item">
          when id = #{item.id,jdbcType=INTEGER} then #{item.birth,jdbcType=VARCHAR}
        </foreach>
      </trim>
      <trim prefix="phone = case" suffix="end,">
        <foreach collection="list" index="index" item="item">
          when id = #{item.id,jdbcType=INTEGER} then #{item.phone,jdbcType=VARCHAR}
        </foreach>
      </trim>
      <trim prefix="mail = case" suffix="end,">
        <foreach collection="list" index="index" item="item">
          when id = #{item.id,jdbcType=INTEGER} then #{item.mail,jdbcType=VARCHAR}
        </foreach>
      </trim>
      <trim prefix="photo = case" suffix="end,">
        <foreach collection="list" index="index" item="item">
          when id = #{item.id,jdbcType=INTEGER} then #{item.photo,jdbcType=VARCHAR}
        </foreach>
      </trim>
    </trim>
    where id in
    <foreach close=")" collection="list" item="item" open="(" separator=", ">
      #{item.id,jdbcType=INTEGER}
    </foreach>
  </update>
  <insert id="batchInsert" keyColumn="id" keyProperty="id" parameterType="map" useGeneratedKeys="true">
    <!--@mbg.generated generated on Sun Mar 08 19:14:06 CST 2020.-->
    insert into student
    (`no`, `name`, sex, clazzid, birth, phone, mail, photo)
    values
    <foreach collection="list" item="item" separator=",">
      (#{item.no,jdbcType=VARCHAR}, #{item.name,jdbcType=VARCHAR}, #{item.sex,jdbcType=VARCHAR}, 
        #{item.clazzid,jdbcType=INTEGER}, #{item.birth,jdbcType=VARCHAR}, #{item.phone,jdbcType=VARCHAR}, 
        #{item.mail,jdbcType=VARCHAR}, #{item.photo,jdbcType=VARCHAR})
    </foreach>
  </insert>
  <insert id="insertOrUpdate" keyColumn="id" keyProperty="id" parameterType="edu.xja.seats.pojo.Student" useGeneratedKeys="true">
    <!--@mbg.generated generated on Sun Mar 08 19:14:06 CST 2020.-->
    insert into student
    <trim prefix="(" suffix=")" suffixOverrides=",">
      <if test="id != null">
        id,
      </if>
      `no`,
      `name`,
      sex,
      clazzid,
      birth,
      phone,
      mail,
      photo,
    </trim>
    values
    <trim prefix="(" suffix=")" suffixOverrides=",">
      <if test="id != null">
        #{id,jdbcType=INTEGER},
      </if>
      #{no,jdbcType=VARCHAR},
      #{name,jdbcType=VARCHAR},
      #{sex,jdbcType=VARCHAR},
      #{clazzid,jdbcType=INTEGER},
      #{birth,jdbcType=VARCHAR},
      #{phone,jdbcType=VARCHAR},
      #{mail,jdbcType=VARCHAR},
      #{photo,jdbcType=VARCHAR},
    </trim>
    on duplicate key update 
    <trim suffixOverrides=",">
      <if test="id != null">
        id = #{id,jdbcType=INTEGER},
      </if>
      `no` = #{no,jdbcType=VARCHAR},
      `name` = #{name,jdbcType=VARCHAR},
      sex = #{sex,jdbcType=VARCHAR},
      clazzid = #{clazzid,jdbcType=INTEGER},
      birth = #{birth,jdbcType=VARCHAR},
      phone = #{phone,jdbcType=VARCHAR},
      mail = #{mail,jdbcType=VARCHAR},
      photo = #{photo,jdbcType=VARCHAR},
    </trim>
  </insert>
  <insert id="insertOrUpdateSelective" keyColumn="id" keyProperty="id" parameterType="edu.xja.seats.pojo.Student" useGeneratedKeys="true">
    <!--@mbg.generated generated on Sun Mar 08 19:14:06 CST 2020.-->
    insert into student
    <trim prefix="(" suffix=")" suffixOverrides=",">
      <if test="id != null">
        id,
      </if>
      <if test="no != null">
        `no`,
      </if>
      <if test="name != null">
        `name`,
      </if>
      <if test="sex != null">
        sex,
      </if>
      <if test="clazzid != null">
        clazzid,
      </if>
      <if test="birth != null">
        birth,
      </if>
      <if test="phone != null">
        phone,
      </if>
      <if test="mail != null">
        mail,
      </if>
      <if test="photo != null">
        photo,
      </if>
    </trim>
    values
    <trim prefix="(" suffix=")" suffixOverrides=",">
      <if test="id != null">
        #{id,jdbcType=INTEGER},
      </if>
      <if test="no != null">
        #{no,jdbcType=VARCHAR},
      </if>
      <if test="name != null">
        #{name,jdbcType=VARCHAR},
      </if>
      <if test="sex != null">
        #{sex,jdbcType=VARCHAR},
      </if>
      <if test="clazzid != null">
        #{clazzid,jdbcType=INTEGER},
      </if>
      <if test="birth != null">
        #{birth,jdbcType=VARCHAR},
      </if>
      <if test="phone != null">
        #{phone,jdbcType=VARCHAR},
      </if>
      <if test="mail != null">
        #{mail,jdbcType=VARCHAR},
      </if>
      <if test="photo != null">
        #{photo,jdbcType=VARCHAR},
      </if>
    </trim>
    on duplicate key update 
    <trim suffixOverrides=",">
      <if test="id != null">
        id = #{id,jdbcType=INTEGER},
      </if>
      <if test="no != null">
        `no` = #{no,jdbcType=VARCHAR},
      </if>
      <if test="name != null">
        `name` = #{name,jdbcType=VARCHAR},
      </if>
      <if test="sex != null">
        sex = #{sex,jdbcType=VARCHAR},
      </if>
      <if test="clazzid != null">
        clazzid = #{clazzid,jdbcType=INTEGER},
      </if>
      <if test="birth != null">
        birth = #{birth,jdbcType=VARCHAR},
      </if>
      <if test="phone != null">
        phone = #{phone,jdbcType=VARCHAR},
      </if>
      <if test="mail != null">
        mail = #{mail,jdbcType=VARCHAR},
      </if>
      <if test="photo != null">
        photo = #{photo,jdbcType=VARCHAR},
      </if>
    </trim>
  </insert>
</mapper>