<?xml version="1.0" encoding="UTF-8"?>
<!DOCTYPE mapper PUBLIC "-//mybatis.org//DTD Mapper 3.0//EN" "http://mybatis.org/dtd/mybatis-3-mapper.dtd">
<mapper namespace="edu.xja.seats.dao.TeacherMapper">
  <resultMap id="BaseResultMap" type="edu.xja.seats.pojo.Teacher">
    <!--@mbg.generated generated on Sun Mar 08 19:14:07 CST 2020.-->
    <id column="id" jdbcType="INTEGER" property="id" />
    <result column="no" jdbcType="VARCHAR" property="no" />
    <result column="name" jdbcType="VARCHAR" property="name" />
    <result column="sex" jdbcType="VARCHAR" property="sex" />
    <result column="phone" jdbcType="VARCHAR" property="phone" />
    <result column="mail" jdbcType="VARCHAR" property="mail" />
    <result column="position" jdbcType="VARCHAR" property="position" />
  </resultMap>
  <sql id="Base_Column_List">
    <!--@mbg.generated generated on Sun Mar 08 19:14:07 CST 2020.-->
    id, `no`, `name`, sex, phone, mail, `position`
  </sql>
  <update id="updateBatch" parameterType="java.util.List">
    <!--@mbg.generated generated on Sun Mar 08 19:14:07 CST 2020.-->
    update teacher
    <trim prefix="set" suffixOverrides=",">
      <trim prefix="`no` = case" suffix="end,">
        <foreach collection="list" index="index" item="item">
          when id = #{item.id,jdbcType=INTEGER} then #{item.no,jdbcType=VARCHAR}
        </foreach>
      </trim>
      <trim prefix="`name` = case" suffix="end,">
        <foreach collection="list" index="index" item="item">
          when id = #{item.id,jdbcType=INTEGER} then #{item.name,jdbcType=VARCHAR}
        </foreach>
      </trim>
      <trim prefix="sex = case" suffix="end,">
        <foreach collection="list" index="index" item="item">
          when id = #{item.id,jdbcType=INTEGER} then #{item.sex,jdbcType=VARCHAR}
        </foreach>
      </trim>
      <trim prefix="phone = case" suffix="end,">
        <foreach collection="list" index="index" item="item">
          when id = #{item.id,jdbcType=INTEGER} then #{item.phone,jdbcType=VARCHAR}
        </foreach>
      </trim>
      <trim prefix="mail = case" suffix="end,">
        <foreach collection="list" index="index" item="item">
          when id = #{item.id,jdbcType=INTEGER} then #{item.mail,jdbcType=VARCHAR}
        </foreach>
      </trim>
      <trim prefix="`position` = case" suffix="end,">
        <foreach collection="list" index="index" item="item">
          when id = #{item.id,jdbcType=INTEGER} then #{item.position,jdbcType=VARCHAR}
        </foreach>
      </trim>
    </trim>
    where id in
    <foreach close=")" collection="list" item="item" open="(" separator=", ">
      #{item.id,jdbcType=INTEGER}
    </foreach>
  </update>
  <insert id="batchInsert" keyColumn="id" keyProperty="id" parameterType="map" useGeneratedKeys="true">
    <!--@mbg.generated generated on Sun Mar 08 19:14:07 CST 2020.-->
    insert into teacher
    (`no`, `name`, sex, phone, mail, `position`)
    values
    <foreach collection="list" item="item" separator=",">
      (#{item.no,jdbcType=VARCHAR}, #{item.name,jdbcType=VARCHAR}, #{item.sex,jdbcType=VARCHAR}, 
        #{item.phone,jdbcType=VARCHAR}, #{item.mail,jdbcType=VARCHAR}, #{item.position,jdbcType=VARCHAR}
        )
    </foreach>
  </insert>
  <insert id="insertOrUpdate" keyColumn="id" keyProperty="id" parameterType="edu.xja.seats.pojo.Teacher" useGeneratedKeys="true">
    <!--@mbg.generated generated on Sun Mar 08 19:14:07 CST 2020.-->
    insert into teacher
    <trim prefix="(" suffix=")" suffixOverrides=",">
      <if test="id != null">
        id,
      </if>
      `no`,
      `name`,
      sex,
      phone,
      mail,
      `position`,
    </trim>
    values
    <trim prefix="(" suffix=")" suffixOverrides=",">
      <if test="id != null">
        #{id,jdbcType=INTEGER},
      </if>
      #{no,jdbcType=VARCHAR},
      #{name,jdbcType=VARCHAR},
      #{sex,jdbcType=VARCHAR},
      #{phone,jdbcType=VARCHAR},
      #{mail,jdbcType=VARCHAR},
      #{position,jdbcType=VARCHAR},
    </trim>
    on duplicate key update 
    <trim suffixOverrides=",">
      <if test="id != null">
        id = #{id,jdbcType=INTEGER},
      </if>
      `no` = #{no,jdbcType=VARCHAR},
      `name` = #{name,jdbcType=VARCHAR},
      sex = #{sex,jdbcType=VARCHAR},
      phone = #{phone,jdbcType=VARCHAR},
      mail = #{mail,jdbcType=VARCHAR},
      `position` = #{position,jdbcType=VARCHAR},
    </trim>
  </insert>
  <insert id="insertOrUpdateSelective" keyColumn="id" keyProperty="id" parameterType="edu.xja.seats.pojo.Teacher" useGeneratedKeys="true">
    <!--@mbg.generated generated on Sun Mar 08 19:14:07 CST 2020.-->
    insert into teacher
    <trim prefix="(" suffix=")" suffixOverrides=",">
      <if test="id != null">
        id,
      </if>
      <if test="no != null">
        `no`,
      </if>
      <if test="name != null">
        `name`,
      </if>
      <if test="sex != null">
        sex,
      </if>
      <if test="phone != null">
        phone,
      </if>
      <if test="mail != null">
        mail,
      </if>
      <if test="position != null">
        `position`,
      </if>
    </trim>
    values
    <trim prefix="(" suffix=")" suffixOverrides=",">
      <if test="id != null">
        #{id,jdbcType=INTEGER},
      </if>
      <if test="no != null">
        #{no,jdbcType=VARCHAR},
      </if>
      <if test="name != null">
        #{name,jdbcType=VARCHAR},
      </if>
      <if test="sex != null">
        #{sex,jdbcType=VARCHAR},
      </if>
      <if test="phone != null">
        #{phone,jdbcType=VARCHAR},
      </if>
      <if test="mail != null">
        #{mail,jdbcType=VARCHAR},
      </if>
      <if test="position != null">
        #{position,jdbcType=VARCHAR},
      </if>
    </trim>
    on duplicate key update 
    <trim suffixOverrides=",">
      <if test="id != null">
        id = #{id,jdbcType=INTEGER},
      </if>
      <if test="no != null">
        `no` = #{no,jdbcType=VARCHAR},
      </if>
      <if test="name != null">
        `name` = #{name,jdbcType=VARCHAR},
      </if>
      <if test="sex != null">
        sex = #{sex,jdbcType=VARCHAR},
      </if>
      <if test="phone != null">
        phone = #{phone,jdbcType=VARCHAR},
      </if>
      <if test="mail != null">
        mail = #{mail,jdbcType=VARCHAR},
      </if>
      <if test="position != null">
        `position` = #{position,jdbcType=VARCHAR},
      </if>
    </trim>
  </insert>
</mapper>