<?xml version="1.0" encoding="UTF-8"?>
<!DOCTYPE mapper PUBLIC "-//mybatis.org//DTD Mapper 3.0//EN" "http://mybatis.org/dtd/mybatis-3-mapper.dtd">
<mapper namespace="edu.xja.seats.dao.TopicMapper">
  <resultMap id="BaseResultMap" type="edu.xja.seats.pojo.Topic">
    <!--@mbg.generated generated on Sun Mar 08 19:14:07 CST 2020.-->
    <id column="id" jdbcType="INTEGER" property="id" />
    <result column="bbsid" jdbcType="INTEGER" property="bbsid" />
    <result column="content" jdbcType="LONGVARCHAR" property="content" />
    <result column="author" jdbcType="VARCHAR" property="author" />
    <result column="time" jdbcType="VARCHAR" property="time" />
  </resultMap>
  <sql id="Base_Column_List">
    <!--@mbg.generated generated on Sun Mar 08 19:14:07 CST 2020.-->
    id, bbsid, content, author, `time`
  </sql>
  <update id="updateBatch" parameterType="java.util.List">
    <!--@mbg.generated generated on Sun Mar 08 19:14:07 CST 2020.-->
    update topic
    <trim prefix="set" suffixOverrides=",">
      <trim prefix="bbsid = case" suffix="end,">
        <foreach collection="list" index="index" item="item">
          when id = #{item.id,jdbcType=INTEGER} then #{item.bbsid,jdbcType=INTEGER}
        </foreach>
      </trim>
      <trim prefix="content = case" suffix="end,">
        <foreach collection="list" index="index" item="item">
          when id = #{item.id,jdbcType=INTEGER} then #{item.content,jdbcType=LONGVARCHAR}
        </foreach>
      </trim>
      <trim prefix="author = case" suffix="end,">
        <foreach collection="list" index="index" item="item">
          when id = #{item.id,jdbcType=INTEGER} then #{item.author,jdbcType=VARCHAR}
        </foreach>
      </trim>
      <trim prefix="`time` = case" suffix="end,">
        <foreach collection="list" index="index" item="item">
          when id = #{item.id,jdbcType=INTEGER} then #{item.time,jdbcType=VARCHAR}
        </foreach>
      </trim>
    </trim>
    where id in
    <foreach close=")" collection="list" item="item" open="(" separator=", ">
      #{item.id,jdbcType=INTEGER}
    </foreach>
  </update>
  <insert id="batchInsert" keyColumn="id" keyProperty="id" parameterType="map" useGeneratedKeys="true">
    <!--@mbg.generated generated on Sun Mar 08 19:14:07 CST 2020.-->
    insert into topic
    (bbsid, content, author, `time`)
    values
    <foreach collection="list" item="item" separator=",">
      (#{item.bbsid,jdbcType=INTEGER}, #{item.content,jdbcType=LONGVARCHAR}, #{item.author,jdbcType=VARCHAR}, 
        #{item.time,jdbcType=VARCHAR})
    </foreach>
  </insert>
  <insert id="insertOrUpdate" keyColumn="id" keyProperty="id" parameterType="edu.xja.seats.pojo.Topic" useGeneratedKeys="true">
    <!--@mbg.generated generated on Sun Mar 08 19:14:07 CST 2020.-->
    insert into topic
    <trim prefix="(" suffix=")" suffixOverrides=",">
      <if test="id != null">
        id,
      </if>
      bbsid,
      content,
      author,
      `time`,
    </trim>
    values
    <trim prefix="(" suffix=")" suffixOverrides=",">
      <if test="id != null">
        #{id,jdbcType=INTEGER},
      </if>
      #{bbsid,jdbcType=INTEGER},
      #{content,jdbcType=LONGVARCHAR},
      #{author,jdbcType=VARCHAR},
      #{time,jdbcType=VARCHAR},
    </trim>
    on duplicate key update 
    <trim suffixOverrides=",">
      <if test="id != null">
        id = #{id,jdbcType=INTEGER},
      </if>
      bbsid = #{bbsid,jdbcType=INTEGER},
      content = #{content,jdbcType=LONGVARCHAR},
      author = #{author,jdbcType=VARCHAR},
      `time` = #{time,jdbcType=VARCHAR},
    </trim>
  </insert>
  <insert id="insertOrUpdateSelective" keyColumn="id" keyProperty="id" parameterType="edu.xja.seats.pojo.Topic" useGeneratedKeys="true">
    <!--@mbg.generated generated on Sun Mar 08 19:14:07 CST 2020.-->
    insert into topic
    <trim prefix="(" suffix=")" suffixOverrides=",">
      <if test="id != null">
        id,
      </if>
      <if test="bbsid != null">
        bbsid,
      </if>
      <if test="content != null">
        content,
      </if>
      <if test="author != null">
        author,
      </if>
      <if test="time != null">
        `time`,
      </if>
    </trim>
    values
    <trim prefix="(" suffix=")" suffixOverrides=",">
      <if test="id != null">
        #{id,jdbcType=INTEGER},
      </if>
      <if test="bbsid != null">
        #{bbsid,jdbcType=INTEGER},
      </if>
      <if test="content != null">
        #{content,jdbcType=LONGVARCHAR},
      </if>
      <if test="author != null">
        #{author,jdbcType=VARCHAR},
      </if>
      <if test="time != null">
        #{time,jdbcType=VARCHAR},
      </if>
    </trim>
    on duplicate key update 
    <trim suffixOverrides=",">
      <if test="id != null">
        id = #{id,jdbcType=INTEGER},
      </if>
      <if test="bbsid != null">
        bbsid = #{bbsid,jdbcType=INTEGER},
      </if>
      <if test="content != null">
        content = #{content,jdbcType=LONGVARCHAR},
      </if>
      <if test="author != null">
        author = #{author,jdbcType=VARCHAR},
      </if>
      <if test="time != null">
        `time` = #{time,jdbcType=VARCHAR},
      </if>
    </trim>
  </insert>
</mapper>