<?xml version="1.0" encoding="UTF-8"?>
<!DOCTYPE mapper PUBLIC "-//mybatis.org//DTD Mapper 3.0//EN" "http://mybatis.org/dtd/mybatis-3-mapper.dtd">
<mapper namespace="edu.xja.seats.dao.UserMapper">
  <resultMap id="BaseResultMap" type="edu.xja.seats.pojo.User">
    <!--@mbg.generated generated on Sun Mar 08 19:14:07 CST 2020.-->
    <id column="userId" jdbcType="INTEGER" property="userid" />
    <result column="userName" jdbcType="VARCHAR" property="username" />
    <result column="password" jdbcType="VARCHAR" property="password" />
    <result column="userType" jdbcType="TINYINT" property="usertype" />
    <result column="roleId" jdbcType="INTEGER" property="roleid" />
    <result column="userDescription" jdbcType="VARCHAR" property="userdescription" />
  </resultMap>
  <sql id="Base_Column_List">
    <!--@mbg.generated generated on Sun Mar 08 19:14:07 CST 2020.-->
    userId, userName, `password`, userType, roleId, userDescription
  </sql>
  <update id="updateBatch" parameterType="java.util.List">
    <!--@mbg.generated generated on Sun Mar 08 19:14:07 CST 2020.-->
    update user
    <trim prefix="set" suffixOverrides=",">
      <trim prefix="userName = case" suffix="end,">
        <foreach collection="list" index="index" item="item">
          when userId = #{item.userid,jdbcType=INTEGER} then #{item.username,jdbcType=VARCHAR}
        </foreach>
      </trim>
      <trim prefix="`password` = case" suffix="end,">
        <foreach collection="list" index="index" item="item">
          when userId = #{item.userid,jdbcType=INTEGER} then #{item.password,jdbcType=VARCHAR}
        </foreach>
      </trim>
      <trim prefix="userType = case" suffix="end,">
        <foreach collection="list" index="index" item="item">
          when userId = #{item.userid,jdbcType=INTEGER} then #{item.usertype,jdbcType=TINYINT}
        </foreach>
      </trim>
      <trim prefix="roleId = case" suffix="end,">
        <foreach collection="list" index="index" item="item">
          when userId = #{item.userid,jdbcType=INTEGER} then #{item.roleid,jdbcType=INTEGER}
        </foreach>
      </trim>
      <trim prefix="userDescription = case" suffix="end,">
        <foreach collection="list" index="index" item="item">
          when userId = #{item.userid,jdbcType=INTEGER} then #{item.userdescription,jdbcType=VARCHAR}
        </foreach>
      </trim>
    </trim>
    where userId in
    <foreach close=")" collection="list" item="item" open="(" separator=", ">
      #{item.userid,jdbcType=INTEGER}
    </foreach>
  </update>
  <insert id="batchInsert" keyColumn="userId" keyProperty="userid" parameterType="map" useGeneratedKeys="true">
    <!--@mbg.generated generated on Sun Mar 08 19:14:07 CST 2020.-->
    insert into user
    (userName, `password`, userType, roleId, userDescription)
    values
    <foreach collection="list" item="item" separator=",">
      (#{item.username,jdbcType=VARCHAR}, #{item.password,jdbcType=VARCHAR}, #{item.usertype,jdbcType=TINYINT}, 
        #{item.roleid,jdbcType=INTEGER}, #{item.userdescription,jdbcType=VARCHAR})
    </foreach>
  </insert>
  <insert id="insertOrUpdate" keyColumn="userId" keyProperty="userid" parameterType="edu.xja.seats.pojo.User" useGeneratedKeys="true">
    <!--@mbg.generated generated on Sun Mar 08 19:14:07 CST 2020.-->
    insert into user
    <trim prefix="(" suffix=")" suffixOverrides=",">
      <if test="userid != null">
        userId,
      </if>
      userName,
      `password`,
      userType,
      roleId,
      userDescription,
    </trim>
    values
    <trim prefix="(" suffix=")" suffixOverrides=",">
      <if test="userid != null">
        #{userid,jdbcType=INTEGER},
      </if>
      #{username,jdbcType=VARCHAR},
      #{password,jdbcType=VARCHAR},
      #{usertype,jdbcType=TINYINT},
      #{roleid,jdbcType=INTEGER},
      #{userdescription,jdbcType=VARCHAR},
    </trim>
    on duplicate key update 
    <trim suffixOverrides=",">
      <if test="userid != null">
        userId = #{userid,jdbcType=INTEGER},
      </if>
      userName = #{username,jdbcType=VARCHAR},
      `password` = #{password,jdbcType=VARCHAR},
      userType = #{usertype,jdbcType=TINYINT},
      roleId = #{roleid,jdbcType=INTEGER},
      userDescription = #{userdescription,jdbcType=VARCHAR},
    </trim>
  </insert>
  <insert id="insertOrUpdateSelective" keyColumn="userId" keyProperty="userid" parameterType="edu.xja.seats.pojo.User" useGeneratedKeys="true">
    <!--@mbg.generated generated on Sun Mar 08 19:14:07 CST 2020.-->
    insert into user
    <trim prefix="(" suffix=")" suffixOverrides=",">
      <if test="userid != null">
        userId,
      </if>
      <if test="username != null">
        userName,
      </if>
      <if test="password != null">
        `password`,
      </if>
      <if test="usertype != null">
        userType,
      </if>
      <if test="roleid != null">
        roleId,
      </if>
      <if test="userdescription != null">
        userDescription,
      </if>
    </trim>
    values
    <trim prefix="(" suffix=")" suffixOverrides=",">
      <if test="userid != null">
        #{userid,jdbcType=INTEGER},
      </if>
      <if test="username != null">
        #{username,jdbcType=VARCHAR},
      </if>
      <if test="password != null">
        #{password,jdbcType=VARCHAR},
      </if>
      <if test="usertype != null">
        #{usertype,jdbcType=TINYINT},
      </if>
      <if test="roleid != null">
        #{roleid,jdbcType=INTEGER},
      </if>
      <if test="userdescription != null">
        #{userdescription,jdbcType=VARCHAR},
      </if>
    </trim>
    on duplicate key update 
    <trim suffixOverrides=",">
      <if test="userid != null">
        userId = #{userid,jdbcType=INTEGER},
      </if>
      <if test="username != null">
        userName = #{username,jdbcType=VARCHAR},
      </if>
      <if test="password != null">
        `password` = #{password,jdbcType=VARCHAR},
      </if>
      <if test="usertype != null">
        userType = #{usertype,jdbcType=TINYINT},
      </if>
      <if test="roleid != null">
        roleId = #{roleid,jdbcType=INTEGER},
      </if>
      <if test="userdescription != null">
        userDescription = #{userdescription,jdbcType=VARCHAR},
      </if>
    </trim>
  </insert>
</mapper>