{
  "usingComponents": {
          "van-tab": "../../assets/vant/tab/index",
          "van-tabs": "../../assets/vant/tabs/index",
          "van-grid": "../../assets/vant/grid/index",
          "van-grid-item": "../../assets/vant/grid-item/index",
          "van-cell": "../../assets/vant/cell/index",
          "van-cell-group": "../../assets/vant/cell-group/index",
          "van-card": "../../assets/vant/card/index",
          "van-search": "../../assets/vant/search/index",
          "van-overlay": "../../assets/vant/overlay/index",
          "van-dialog": "../../assets/vant/dialog/index"
  }
}